item_code,source_file,date,doc_no,rec_qty,iss_qty,balance,pdf_safety_stock,pdf_maximum_stock
SP-FA001,SP-FA001.pdf,18/05/2020,REC-20050001,2.0,,2.0,2.0,4.0
SP-FA001,SP-FA001.pdf,06/06/2020,ISS-63060063,,1.0,1.0,2.0,4.0
SP-FA001,SP-FA001.pdf,19/10/2020,REC-20100127,2.0,,3.0,2.0,4.0
SP-FA001,SP-FA001.pdf,23/12/2020,ISS-63120747,,1.0,2.0,2.0,4.0
SP-FA003,SP-FA003.pdf,21/05/2020,REC-20050034,3.0,,3.0,2.0,4.0
SP-FA003,SP-FA003.pdf,14/12/2020,ISS-63120701,,1.0,2.0,2.0,4.0
SP-FA003,SP-FA003.pdf,29/07/2021,ISS-64070707,,1.0,1.0,2.0,4.0
SP-FA003,SP-FA003.pdf,29/08/2023,ISS-66080887,,1.0,0.0,2.0,4.0
SP-FA003,SP-FA003.pdf,14/10/2023,REC-23100154,3.0,,3.0,2.0,4.0
SP-FA003,SP-FA003.pdf,08/12/2023,ISS-66121296,,1.0,2.0,2.0,4.0
SP-FA003,SP-FA003.pdf,23/05/2025,ISS-68050599,,1.0,1.0,2.0,4.0
SP-FA004,SP-FA004.pdf,18/05/2020,REC-20050001,2.0,,2.0,2.0,4.0
SP-FA004,SP-FA004.pdf,30/06/2020,ISS-63060134,,1.0,1.0,2.0,4.0
SP-FA004,SP-FA004.pdf,20/12/2021,REC-21120210,3.0,,4.0,2.0,4.0
SP-FA005,SP-FA005.pdf,18/05/2020,REC-20050001,3.0,,3.0,2.0,4.0
SP-FA005,SP-FA005.pdf,22/05/2020,ISS-63050017,,1.0,2.0,2.0,4.0
SP-FA005,SP-FA005.pdf,03/08/2020,ISS-63080248,,1.0,1.0,2.0,4.0
SP-FA005,SP-FA005.pdf,06/10/2020,ISS-63100448,,1.0,0.0,2.0,4.0
SP-FA005,SP-FA005.pdf,19/10/2020,REC-20100127,2.0,,2.0,2.0,4.0
SP-FA005,SP-FA005.pdf,08/07/2021,ISS-64070643,,1.0,1.0,2.0,4.0
SP-FA005,SP-FA005.pdf,13/08/2021,ISS-64080750,,1.0,0.0,2.0,4.0
SP-FA005,SP-FA005.pdf,07/01/2022,REC-22010004,3.0,,3.0,2.0,4.0
SP-FA005,SP-FA005.pdf,27/04/2022,ISS-65040386,,1.0,2.0,2.0,4.0
SP-FA006,SP-FA006.pdf,03/07/2020,REC-20070061,4.0,,4.0,2.0,4.0
SP-FA006,SP-FA006.pdf,03/07/2020,ISS-63070138,,1.0,3.0,2.0,4.0
SP-FA006,SP-FA006.pdf,09/07/2020,ISS-63070162,,2.0,1.0,2.0,4.0
SP-FA006,SP-FA006.pdf,31/07/2020,REC-20080085,5.0,,6.0,2.0,4.0
SP-FA006,SP-FA006.pdf,05/08/2020,ISS-63080255,,1.0,5.0,2.0,4.0
SP-FA006,SP-FA006.pdf,05/08/2020,ISS-63080256,,1.0,4.0,2.0,4.0
SP-FA006,SP-FA006.pdf,26/08/2020,ISS-63080328,,1.0,3.0,2.0,4.0
SP-FA006,SP-FA006.pdf,28/08/2020,ISS-63080338,,2.0,1.0,2.0,4.0
SP-FA006,SP-FA006.pdf,09/02/2021,REC-21020020,3.0,,4.0,2.0,4.0
SP-FA006,SP-FA006.pdf,25/02/2021,ISS-64020209,,1.0,3.0,2.0,4.0
SP-FA006,SP-FA006.pdf,27/02/2021,REC-21020033,2.0,,5.0,2.0,4.0
SP-FA006,SP-FA006.pdf,09/03/2021,ISS-64030258,,1.0,4.0,2.0,4.0
SP-FA006,SP-FA006.pdf,30/03/2021,ISS-64030335,,1.0,3.0,2.0,4.0
SP-FA006,SP-FA006.pdf,06/04/2021,ISS-64040359,,1.0,2.0,2.0,4.0
SP-FA006,SP-FA006.pdf,17/05/2021,REC-21050111,2.0,,4.0,2.0,4.0
SP-FA006,SP-FA006.pdf,18/05/2021,ISS-64050508,,1.0,3.0,2.0,4.0
SP-FA006,SP-FA006.pdf,15/06/2021,ISS-64060611,,1.0,2.0,2.0,4.0
SP-FA006,SP-FA006.pdf,09/07/2021,ISS-64070650,,1.0,1.0,2.0,4.0
SP-FA006,SP-FA006.pdf,29/07/2021,REC-21070150,2.0,,3.0,2.0,4.0
SP-FA006,SP-FA006.pdf,24/08/2021,ISS-64080791,,1.0,2.0,2.0,4.0
SP-FA006,SP-FA006.pdf,07/10/2021,REC-21100178,3.0,,5.0,2.0,4.0
SP-FA006,SP-FA006.pdf,14/10/2021,ISS-64100974,,1.0,4.0,2.0,4.0
SP-FA006,SP-FA006.pdf,16/10/2021,ISS-64100984,,1.0,3.0,2.0,4.0
SP-FA006,SP-FA006.pdf,30/10/2021,REC-21100190,1.0,,4.0,2.0,4.0
SP-FA006,SP-FA006.pdf,03/11/2021,ISS-64111063,,1.0,3.0,2.0,4.0
SP-FA006,SP-FA006.pdf,20/11/2021,ISS-64111126,,1.0,2.0,2.0,4.0
SP-FA006,SP-FA006.pdf,04/03/2022,REC-22030023,4.0,,6.0,2.0,4.0
SP-FA006,SP-FA006.pdf,15/03/2022,ISS-65030244,,1.0,5.0,2.0,4.0
SP-FA006,SP-FA006.pdf,16/03/2022,ISS-65030248,,1.0,4.0,2.0,4.0
SP-FA006,SP-FA006.pdf,22/03/2022,ISS-65030272,,1.0,3.0,2.0,4.0
SP-FA006,SP-FA006.pdf,12/04/2022,ISS-65040339,,1.0,2.0,2.0,4.0
SP-FA006,SP-FA006.pdf,28/04/2022,REC-22040043,4.0,,6.0,2.0,4.0
SP-FA006,SP-FA006.pdf,14/05/2022,ISS-65050457,,1.0,5.0,2.0,4.0
SP-FA006,SP-FA006.pdf,15/05/2022,REC-22050054,1.0,,6.0,2.0,4.0
SP-FA006,SP-FA006.pdf,16/05/2022,ISS-65050461,,1.0,5.0,2.0,4.0
SP-FA006,SP-FA006.pdf,20/05/2022,ISS-65050484,,1.0,4.0,2.0,4.0
SP-FA006,SP-FA006.pdf,24/05/2022,ISS-65050494,,1.0,3.0,2.0,4.0
SP-FA006,SP-FA006.pdf,21/06/2022,REC-22060077,4.0,,7.0,2.0,4.0
SP-FA006,SP-FA006.pdf,23/06/2022,ISS-65060623,,1.0,6.0,2.0,4.0
SP-FA006,SP-FA006.pdf,24/06/2022,ISS-65060627,,1.0,5.0,2.0,4.0
SP-FA006,SP-FA006.pdf,29/06/2022,ISS-65060640,,1.0,4.0,2.0,4.0
SP-FA006,SP-FA006.pdf,30/06/2022,ISS-65060652,,1.0,3.0,2.0,4.0
SP-FA006,SP-FA006.pdf,08/07/2022,REC-22070084,3.0,,6.0,2.0,4.0
SP-FA006,SP-FA006.pdf,11/07/2022,ISS-65070690,,1.0,5.0,2.0,4.0
SP-FA006,SP-FA006.pdf,12/07/2022,ISS-65070696,,1.0,4.0,2.0,4.0
SP-FA006,SP-FA006.pdf,05/08/2022,ISS-65080777,,1.0,3.0,2.0,4.0
SP-FA006,SP-FA006.pdf,02/09/2022,REC-22090119,2.0,,5.0,2.0,4.0
SP-FA006,SP-FA006.pdf,03/09/2022,ISS-65090897,,1.0,4.0,2.0,4.0
SP-FA006,SP-FA006.pdf,20/09/2022,ISS-65090946,,1.0,3.0,2.0,4.0
SP-FA006,SP-FA006.pdf,17/10/2022,REC-22100142,2.0,,5.0,2.0,4.0
SP-FA006,SP-FA006.pdf,21/10/2022,ISS-65101068,,1.0,4.0,2.0,4.0
SP-FA006,SP-FA006.pdf,21/10/2022,ISS-65101071,,1.0,3.0,2.0,4.0
SP-FA006,SP-FA006.pdf,07/11/2022,REC-22110149,2.0,,5.0,2.0,4.0
SP-FA006,SP-FA006.pdf,28/11/2022,ISS-65111247,,1.0,4.0,2.0,4.0
SP-FA006,SP-FA006.pdf,12/12/2022,REC-22120168,2.0,,6.0,2.0,4.0
SP-FA006,SP-FA006.pdf,14/12/2022,ISS-65121323,,1.0,5.0,2.0,4.0
SP-FA006,SP-FA006.pdf,06/01/2023,ISS-66010020,,1.0,4.0,2.0,4.0
SP-FA006,SP-FA006.pdf,12/01/2023,REC-23010003,4.0,,8.0,2.0,4.0
SP-FA006,SP-FA006.pdf,13/01/2023,ISS-66010044,,1.0,7.0,2.0,4.0
SP-FA006,SP-FA006.pdf,19/01/2023,ISS-66010079,,1.0,6.0,2.0,4.0
SP-FA006,SP-FA006.pdf,02/03/2023,ISS-66030285,,1.0,5.0,2.0,4.0
SP-FA006,SP-FA006.pdf,10/03/2023,ISS-66030308,,1.0,4.0,2.0,4.0
SP-FA006,SP-FA006.pdf,03/04/2023,ISS-66040391,,1.0,3.0,2.0,4.0
SP-FA006,SP-FA006.pdf,20/04/2023,REC-23040060,4.0,,7.0,2.0,4.0
SP-FA006,SP-FA006.pdf,25/04/2023,ISS-66040455,,1.0,6.0,2.0,4.0
SP-FA006,SP-FA006.pdf,07/06/2023,ISS-66060591,,1.0,5.0,2.0,4.0
SP-FA006,SP-FA006.pdf,24/06/2023,ISS-66060660,,1.0,4.0,2.0,4.0
SP-FA006,SP-FA006.pdf,07/07/2023,ISS-66070698,,1.0,3.0,2.0,4.0
SP-FA006,SP-FA006.pdf,17/07/2023,ISS-66080874,,1.0,2.0,2.0,4.0
SP-FA006,SP-FA006.pdf,14/08/2023,ISS-66080873,,1.0,1.0,2.0,4.0
SP-FA006,SP-FA006.pdf,15/08/2023,REC-23080115,2.0,,3.0,2.0,4.0
SP-FA006,SP-FA006.pdf,24/08/2023,ISS-66080871,,1.0,2.0,2.0,4.0
SP-FA006,SP-FA006.pdf,28/08/2023,ISS-66080881,,1.0,1.0,2.0,4.0
SP-FA006,SP-FA006.pdf,12/09/2023,REC-23090127,3.0,,4.0,2.0,4.0
SP-FA006,SP-FA006.pdf,13/09/2023,ISS-66090964,,1.0,3.0,2.0,4.0
SP-FA006,SP-FA006.pdf,26/09/2023,ISS-66091020,,1.0,2.0,2.0,4.0
SP-FA006,SP-FA006.pdf,20/12/2023,ISS-66121337,,1.0,1.0,2.0,4.0
SP-FA006,SP-FA006.pdf,07/02/2024,REC-24020015,3.0,,4.0,2.0,4.0
SP-FA006,SP-FA006.pdf,08/02/2024,ISS-67020133,,2.0,2.0,2.0,4.0
SP-FA006,SP-FA006.pdf,20/02/2024,ISS-67020163,,1.0,1.0,2.0,4.0
SP-FA006,SP-FA006.pdf,14/06/2024,REC-24060083,4.0,,5.0,2.0,4.0
SP-FA006,SP-FA006.pdf,15/06/2024,ISS-67060618,,1.0,4.0,2.0,4.0
SP-FA006,SP-FA006.pdf,15/06/2024,ISS-67060619,,1.0,3.0,2.0,4.0
SP-FA006,SP-FA006.pdf,28/06/2024,ISS-67060682,,1.0,2.0,2.0,4.0
SP-FA006,SP-FA006.pdf,22/08/2024,ISS-67121439,,1.0,1.0,2.0,4.0
SP-FA006,SP-FA006.pdf,29/10/2024,ISS-67101245,,1.0,0.0,2.0,4.0
SP-FA006,SP-FA006.pdf,28/12/2024,REC-24120228,3.0,,3.0,2.0,4.0
SP-FA006,SP-FA006.pdf,14/01/2025,ISS-68010048,,1.0,2.0,2.0,4.0
SP-FA006,SP-FA006.pdf,26/02/2025,ISS-68020223,,1.0,1.0,2.0,4.0
SP-FA006,SP-FA006.pdf,18/12/2025,ISS-68121468,,1.0,0.0,2.0,4.0
SP-FA006,SP-FA006.pdf,14/01/2026,REC-26010008,2.0,,2.0,2.0,4.0
SP-FA006,SP-FA006.pdf,17/03/2026,ISS-69030277,,1.0,1.0,2.0,4.0
SP-FA006,SP-FA006.pdf,27/03/2026,REC-26030062,2.0,,3.0,2.0,4.0
SP-FA007,SP-FA007.pdf,18/05/2020,REC-20050001,1.0,,1.0,2.0,4.0
SP-FA007,SP-FA007.pdf,06/10/2020,REC-20100112,1.0,,2.0,2.0,4.0
SP-FA008,SP-FA008.pdf,18/05/2020,REC-20050001,2.0,,2.0,,
SP-FA009,SP-FA009.pdf,18/05/2020,REC-20050001,1.0,,1.0,,
SP-FA010,SP-FA010.pdf,18/05/2020,REC-20050001,3.0,,3.0,2.0,4.0
SP-FA010,SP-FA010.pdf,18/06/2020,ISS-63060092,,1.0,2.0,2.0,4.0
SP-FA010,SP-FA010.pdf,26/11/2020,ISS-63110653,,1.0,1.0,2.0,4.0
SP-FA010,SP-FA010.pdf,20/12/2021,REC-21120210,1.0,,2.0,2.0,4.0
SP-FA010,SP-FA010.pdf,28/01/2022,ISS-65010100,,1.0,1.0,2.0,4.0
SP-FA010,SP-FA010.pdf,24/05/2022,ISS-65050493,,1.0,0.0,2.0,4.0
SP-FA010,SP-FA010.pdf,21/06/2022,REC-22060077,4.0,,4.0,2.0,4.0
SP-FA010,SP-FA010.pdf,29/08/2023,ISS-66080892,,1.0,3.0,2.0,4.0
SP-FA010,SP-FA010.pdf,04/09/2023,ISS-66090917,,3.0,0.0,2.0,4.0
SP-FA010,SP-FA010.pdf,06/11/2023,REC-23110168,3.0,,3.0,2.0,4.0
SP-FA010,SP-FA010.pdf,21/11/2023,ISS-66111235,,2.0,1.0,2.0,4.0
SP-FA011,SP-FA011.pdf,26/08/2020,REC-20080096,2.0,,2.0,2.0,4.0
SP-FA011,SP-FA011.pdf,26/08/2020,ISS-63080332,,1.0,1.0,2.0,4.0
SP-FA011,SP-FA011.pdf,19/10/2020,REC-20100127,2.0,,3.0,2.0,4.0
SP-FA011,SP-FA011.pdf,27/01/2021,ISS-64010115,,1.0,2.0,2.0,4.0
SP-FA011,SP-FA011.pdf,22/04/2021,ISS-64040401,,1.0,1.0,2.0,4.0
SP-FA011,SP-FA011.pdf,08/06/2021,ISS-64060583,,1.0,0.0,2.0,4.0
SP-FA011,SP-FA011.pdf,09/07/2021,REC-21070141,3.0,,3.0,2.0,4.0
SP-FA011,SP-FA011.pdf,27/10/2021,ISS-64101036,,1.0,2.0,2.0,4.0
SP-FA011,SP-FA011.pdf,29/11/2021,ISS-64111149,,1.0,1.0,2.0,4.0
SP-FA011,SP-FA011.pdf,06/01/2022,ISS-65010020,,1.0,0.0,2.0,4.0
SP-FA011,SP-FA011.pdf,19/02/2022,REC-22020022,2.0,,2.0,2.0,4.0
SP-FA011,SP-FA011.pdf,23/03/2022,ISS-65030273,,1.0,1.0,2.0,4.0
SP-FA011,SP-FA011.pdf,01/04/2022,ISS-65040310,,1.0,0.0,2.0,4.0
SP-FA011,SP-FA011.pdf,28/04/2022,REC-22040043,2.0,,2.0,2.0,4.0
SP-FA011,SP-FA011.pdf,03/06/2022,ISS-65060537,,1.0,1.0,2.0,4.0
SP-FA011,SP-FA011.pdf,23/06/2022,ISS-65060622,,1.0,0.0,2.0,4.0
SP-FA011,SP-FA011.pdf,22/07/2022,REC-22070097,2.0,,2.0,2.0,4.0
SP-FA011,SP-FA011.pdf,18/01/2023,ISS-66010069,,1.0,1.0,2.0,4.0
SP-FA011,SP-FA011.pdf,02/03/2023,ISS-66030285,,1.0,0.0,2.0,4.0
SP-FA011,SP-FA011.pdf,16/06/2023,REC-23060083,2.0,,2.0,2.0,4.0
SP-FA011,SP-FA011.pdf,30/10/2023,ISS-66101152,,1.0,1.0,2.0,4.0
SP-FA011,SP-FA011.pdf,02/04/2024,ISS-67040338,,1.0,0.0,2.0,4.0
SP-FA011,SP-FA011.pdf,09/10/2024,REC-24100165,3.0,,3.0,2.0,4.0
SP-FA011,SP-FA011.pdf,10/10/2024,ISS-67101157,,1.0,2.0,2.0,4.0
SP-FA011,SP-FA011.pdf,11/03/2025,ISS-68030267,,1.0,1.0,2.0,4.0
SP-FA012,SP-FA012.pdf,18/05/2020,REC-20050001,3.0,,3.0,,
SP-FA012,SP-FA012.pdf,09/08/2021,REC-21080152,28.0,,31.0,,
SP-FA012,SP-FA012.pdf,09/09/2021,ISS-64090844,,28.0,3.0,,
SP-FA014,SP-FA014.pdf,10/11/2025,REC-25110203,2.0,,2.0,,
SP-FA015,SP-FA015.pdf,10/11/2025,REC-25110203,2.0,,2.0,2.0,4.0
SP-FA016,SP-FA016.pdf,06/10/2020,REC-20100112,1.0,,1.0,1.0,4.0
SP-FA016,SP-FA016.pdf,04/03/2021,ISS-64030238,,1.0,0.0,1.0,4.0
SP-FA016,SP-FA016.pdf,08/05/2021,REC-21050106,1.0,,1.0,1.0,4.0
SP-FA016,SP-FA016.pdf,17/05/2023,ISS-66050521,,1.0,0.0,1.0,4.0
SP-FA016,SP-FA016.pdf,05/06/2023,REC-23060076,1.0,,1.0,1.0,4.0
SP-FA016,SP-FA016.pdf,16/06/2023,ISS-66060626,,1.0,0.0,1.0,4.0
SP-FA016,SP-FA016.pdf,31/07/2023,REC-23080109,1.0,,1.0,1.0,4.0
SP-FA016,SP-FA016.pdf,31/10/2023,REC-23110160,1.0,,2.0,1.0,4.0
SP-FA016,SP-FA016.pdf,10/11/2023,ISS-66111204,,1.0,1.0,1.0,4.0
SP-FA016,SP-FA016.pdf,14/12/2023,ISS-67020153,,1.0,0.0,1.0,4.0
SP-FA016,SP-FA016.pdf,08/03/2024,REC-24030034,1.0,,1.0,1.0,4.0
SP-FA016,SP-FA016.pdf,22/07/2024,ISS-67070794,,1.0,0.0,1.0,4.0
SP-FA016,SP-FA016.pdf,04/09/2024,REC-24090139,2.0,,2.0,1.0,4.0
SP-FA016,SP-FA016.pdf,05/06/2025,ISS-68060671,,1.0,1.0,1.0,4.0
SP-FA016,SP-FA016.pdf,03/02/2026,ISS-69020126,,1.0,0.0,1.0,4.0
SP-FA016,SP-FA016.pdf,03/02/2026,ISS-69020175,,1.0,-1.0,1.0,4.0
SP-FA016,SP-FA016.pdf,26/02/2026,REC-26020035,2.0,,1.0,1.0,4.0
SP-FA016,SP-FA016.pdf,27/06/2026,ISS-69060641,,1.0,0.0,1.0,4.0
SP-FA017,SP-FA017.pdf,18/05/2020,REC-20050001,1.0,,1.0,,
SP-FA019,SP-FA019.pdf,18/05/2020,REC-20050001,3.0,,3.0,,
SP-FA020,SP-FA020.pdf,18/05/2020,REC-20050001,1.0,,1.0,1.0,2.0
SP-FA020,SP-FA020.pdf,13/11/2021,ISS-64111106,,1.0,0.0,1.0,2.0
SP-FA020,SP-FA020.pdf,20/12/2021,REC-21120210,1.0,,1.0,1.0,2.0
SP-FA020,SP-FA020.pdf,31/03/2022,ISS-65040308,,1.0,0.0,1.0,2.0
SP-FA020,SP-FA020.pdf,12/04/2022,REC-22040038,2.0,,2.0,1.0,2.0
SP-FA020,SP-FA020.pdf,16/05/2022,ISS-65050462,,1.0,1.0,1.0,2.0
SP-FA020,SP-FA020.pdf,07/11/2022,REC-22110147,2.0,,3.0,1.0,2.0
SP-FA020,SP-FA020.pdf,09/11/2022,ISS-65111157,,2.0,1.0,1.0,2.0
SP-FA020,SP-FA020.pdf,07/04/2023,ISS-66040412,,1.0,0.0,1.0,2.0
SP-FA020,SP-FA020.pdf,04/10/2024,REC-24100161,2.0,,2.0,1.0,2.0
SP-FA020,SP-FA020.pdf,13/12/2024,ISS-67121448,,1.0,1.0,1.0,2.0
SP-FA020,SP-FA020.pdf,03/06/2025,ISS-68060665,,1.0,0.0,1.0,2.0
SP-FA020,SP-FA020.pdf,19/06/2025,REC-25060109,2.0,,2.0,1.0,2.0
SP-FA021,SP-FA021.pdf,18/05/2020,REC-20050014,4.0,,4.0,1.0,4.0
SP-FA021,SP-FA021.pdf,25/06/2020,ISS-63060112,,1.0,3.0,1.0,4.0
SP-FA021,SP-FA021.pdf,30/06/2020,ISS-63060133,,1.0,2.0,1.0,4.0
SP-FA021,SP-FA021.pdf,01/07/2020,ISS-63070135,,2.0,0.0,1.0,4.0
SP-FA021,SP-FA021.pdf,31/07/2020,REC-20080085,3.0,,3.0,1.0,4.0
SP-FA021,SP-FA021.pdf,03/08/2020,ISS-63080249,,1.0,2.0,1.0,4.0
SP-FA021,SP-FA021.pdf,25/08/2020,ISS-63080325,,1.0,1.0,1.0,4.0
SP-FA021,SP-FA021.pdf,28/10/2020,REC-20100131,3.0,,4.0,1.0,4.0
SP-FA021,SP-FA021.pdf,16/11/2020,ISS-63110603,,2.0,2.0,1.0,4.0
SP-FA021,SP-FA021.pdf,07/12/2020,ISS-63120675,,1.0,1.0,1.0,4.0
SP-FA021,SP-FA021.pdf,05/01/2021,ISS-64010121,,1.0,0.0,1.0,4.0
SP-FA021,SP-FA021.pdf,09/06/2021,REC-21060130,3.0,,3.0,1.0,4.0
SP-FA021,SP-FA021.pdf,26/06/2021,ISS-64060622,,1.0,2.0,1.0,4.0
SP-FA021,SP-FA021.pdf,14/07/2021,ISS-64070658,,2.0,0.0,1.0,4.0
SP-FA021,SP-FA021.pdf,29/07/2021,REC-21070150,2.0,,2.0,1.0,4.0
SP-FA021,SP-FA021.pdf,09/08/2021,ISS-64080742,,1.0,1.0,1.0,4.0
SP-FA021,SP-FA021.pdf,17/09/2021,ISS-64090886,,1.0,0.0,1.0,4.0
SP-FA021,SP-FA021.pdf,15/10/2021,REC-21100182,3.0,,3.0,1.0,4.0
SP-FA021,SP-FA021.pdf,27/10/2021,ISS-64101035,,2.0,1.0,1.0,4.0
SP-FA021,SP-FA021.pdf,09/12/2021,ISS-64121180,,1.0,0.0,1.0,4.0
SP-FA021,SP-FA021.pdf,07/01/2022,REC-22010004,3.0,,3.0,1.0,4.0
SP-FA021,SP-FA021.pdf,22/01/2022,ISS-65010086,,1.0,2.0,1.0,4.0
SP-FA021,SP-FA021.pdf,09/02/2022,ISS-65020131,,1.0,1.0,1.0,4.0
SP-FA021,SP-FA021.pdf,04/03/2022,REC-22030023,2.0,,3.0,1.0,4.0
SP-FA021,SP-FA021.pdf,07/03/2022,ISS-65030213,,1.0,2.0,1.0,4.0
SP-FA021,SP-FA021.pdf,08/03/2022,ISS-65030214,,1.0,1.0,1.0,4.0
SP-FA021,SP-FA021.pdf,06/04/2022,ISS-65040327,,1.0,0.0,1.0,4.0
SP-FA021,SP-FA021.pdf,12/04/2022,REC-22040038,3.0,,3.0,1.0,4.0
SP-FA021,SP-FA021.pdf,27/04/2022,ISS-65040387,,1.0,2.0,1.0,4.0
SP-FA021,SP-FA021.pdf,28/04/2022,REC-22040043,2.0,,4.0,1.0,4.0
SP-FA021,SP-FA021.pdf,01/08/2022,ISS-65080759,,1.0,3.0,1.0,4.0
SP-FA021,SP-FA021.pdf,02/09/2022,REC-22090119,1.0,,4.0,1.0,4.0
SP-FA021,SP-FA021.pdf,08/12/2022,ISS-65121286,,1.0,3.0,1.0,4.0
SP-FA021,SP-FA021.pdf,09/12/2022,ISS-65121290,,1.0,2.0,1.0,4.0
SP-FA021,SP-FA021.pdf,12/01/2023,REC-23010003,4.0,,6.0,1.0,4.0
SP-FA021,SP-FA021.pdf,13/01/2023,ISS-66010047,,1.0,5.0,1.0,4.0
SP-FA021,SP-FA021.pdf,13/01/2023,ISS-66010051,,1.0,4.0,1.0,4.0
SP-FA021,SP-FA021.pdf,02/02/2023,ISS-66020134,,2.0,2.0,1.0,4.0
SP-FA021,SP-FA021.pdf,23/05/2023,ISS-66050541,,1.0,1.0,1.0,4.0
SP-FA021,SP-FA021.pdf,16/06/2023,REC-23060083,2.0,,3.0,1.0,4.0
SP-FA021,SP-FA021.pdf,01/08/2023,ISS-66080780,,2.0,1.0,1.0,4.0
SP-FA021,SP-FA021.pdf,29/08/2023,ISS-66080888,,1.0,0.0,1.0,4.0
SP-FA021,SP-FA021.pdf,31/10/2023,REC-23110160,3.0,,3.0,1.0,4.0
SP-FA021,SP-FA021.pdf,25/12/2023,ISS-66121351,,3.0,0.0,1.0,4.0
SP-FA021,SP-FA021.pdf,08/03/2024,REC-24030034,2.0,,2.0,1.0,4.0
SP-FA021,SP-FA021.pdf,09/04/2024,ISS-67040374,,1.0,1.0,1.0,4.0
SP-FA021,SP-FA021.pdf,18/06/2024,ISS-67060627,,1.0,0.0,1.0,4.0
SP-FA021,SP-FA021.pdf,28/06/2024,REC-24060092,3.0,,3.0,1.0,4.0
SP-FA021,SP-FA021.pdf,06/09/2024,ISS-67090976,,1.0,2.0,1.0,4.0
SP-FA021,SP-FA021.pdf,08/11/2024,ISS-67111291,,1.0,1.0,1.0,4.0
SP-FA021,SP-FA021.pdf,14/02/2025,ISS-68020173,,1.0,0.0,1.0,4.0
SP-FA021,SP-FA021.pdf,14/05/2025,REC-25050077,3.0,,3.0,1.0,4.0
SP-FA021,SP-FA021.pdf,14/05/2025,ISS-68050543,,1.0,2.0,1.0,4.0
SP-FA021,SP-FA021.pdf,14/05/2025,ISS-68050544,,2.0,0.0,1.0,4.0
SP-FA021,SP-FA021.pdf,19/06/2025,REC-25060109,3.0,,3.0,1.0,4.0
SP-FA021,SP-FA021.pdf,20/06/2025,ISS-68091029,,1.0,2.0,1.0,4.0
SP-FA021,SP-FA021.pdf,16/07/2025,ISS-68091028,,1.0,1.0,1.0,4.0
SP-FA021,SP-FA021.pdf,21/07/2025,ISS-68070875,,1.0,0.0,1.0,4.0
SP-FA021,SP-FA021.pdf,10/10/2025,REC-25100182,4.0,,4.0,1.0,4.0
SP-FA021,SP-FA021.pdf,10/11/2025,ISS-68111300,,2.0,2.0,1.0,4.0
SP-FA021,SP-FA021.pdf,24/03/2026,ISS-69030312,,2.0,0.0,1.0,4.0
SP-FA021,SP-FA021.pdf,02/04/2026,REC-26040064,4.0,,4.0,1.0,4.0
SP-FA021,SP-FA021.pdf,02/06/2026,ISS-69060543,,2.0,2.0,1.0,4.0
SP-FA022,SP-FA022.pdf,18/05/2020,REC-20050015,3.0,,3.0,1.0,2.0
SP-FA022,SP-FA022.pdf,06/06/2020,ISS-63060063,,1.0,2.0,1.0,2.0
SP-FA022,SP-FA022.pdf,30/07/2020,ISS-63070236,,2.0,0.0,1.0,2.0
SP-FA022,SP-FA022.pdf,19/11/2020,REC-20110147,2.0,,2.0,1.0,2.0
SP-FA022,SP-FA022.pdf,22/12/2020,ISS-63120735,,1.0,1.0,1.0,2.0
SP-FA022,SP-FA022.pdf,24/05/2021,ISS-64050533,,1.0,0.0,1.0,2.0
SP-FA022,SP-FA022.pdf,09/07/2021,REC-21070141,3.0,,3.0,1.0,2.0
SP-FA022,SP-FA022.pdf,13/08/2021,ISS-64080749,,1.0,2.0,1.0,2.0
SP-FA022,SP-FA022.pdf,13/11/2021,ISS-64111105,,1.0,1.0,1.0,2.0
SP-FA024,SP-FA024.pdf,18/05/2020,REC-20050016,3.0,,3.0,1.0,3.0
SP-FA024,SP-FA024.pdf,26/05/2020,ISS-63050026,,1.0,2.0,1.0,3.0
SP-FA024,SP-FA024.pdf,11/07/2020,ISS-63070185,,1.0,1.0,1.0,3.0
SP-FA024,SP-FA024.pdf,02/05/2023,ISS-66050471,,1.0,0.0,1.0,3.0
SP-FA024,SP-FA024.pdf,10/01/2024,REC-24010007,1.0,,1.0,1.0,3.0
SP-FA024,SP-FA024.pdf,22/04/2024,ISS-67040405,,1.0,0.0,1.0,3.0
SP-FA024,SP-FA024.pdf,23/09/2024,REC-24090149,2.0,,2.0,1.0,3.0
SP-FA024,SP-FA024.pdf,24/09/2024,ISS-67091049,,1.0,1.0,1.0,3.0
SP-FA024,SP-FA024.pdf,22/11/2024,ISS-67111337,,1.0,0.0,1.0,3.0
SP-FA024,SP-FA024.pdf,16/12/2024,REC-24120221,2.0,,2.0,1.0,3.0
SP-FA024,SP-FA024.pdf,18/03/2025,ISS-68030295,,1.0,1.0,1.0,3.0
SP-FA024,SP-FA024.pdf,04/03/2026,ISS-69030222,,1.0,0.0,1.0,3.0
SP-FA024,SP-FA024.pdf,27/03/2026,REC-26030062,3.0,,3.0,1.0,3.0
SP-FA024,SP-FA024.pdf,27/03/2026,ISS-69030324,,1.0,2.0,1.0,3.0
SP-FA024,SP-FA024.pdf,29/06/2026,ISS-69060646,,0.0,2.0,1.0,3.0
SP-FA025,SP-FA025.pdf,06/06/2020,REC-20060044,2.0,,2.0,1.0,2.0
SP-FA025,SP-FA025.pdf,22/06/2020,ISS-63060102,,1.0,1.0,1.0,2.0
SP-FA025,SP-FA025.pdf,23/07/2020,REC-20070078,1.0,,2.0,1.0,2.0
SP-FA025,SP-FA025.pdf,25/08/2020,ISS-63080318,,1.0,1.0,1.0,2.0
SP-FA025,SP-FA025.pdf,28/09/2020,ISS-63090427,,1.0,0.0,1.0,2.0
SP-FA025,SP-FA025.pdf,19/11/2020,REC-20110147,2.0,,2.0,1.0,2.0
SP-FA025,SP-FA025.pdf,15/01/2024,ISS-67010062,,1.0,1.0,1.0,2.0
SP-FA025,SP-FA025.pdf,01/04/2024,ISS-67040327,,1.0,0.0,1.0,2.0
SP-FA025,SP-FA025.pdf,16/12/2024,REC-24120221,2.0,,2.0,1.0,2.0
SP-FA026,SP-FA026.pdf,06/06/2020,REC-20060044,2.0,,2.0,1.0,2.0
SP-FA026,SP-FA026.pdf,23/07/2020,REC-20070078,1.0,,3.0,1.0,2.0
SP-FA026,SP-FA026.pdf,06/04/2021,ISS-64040358,,2.0,1.0,1.0,2.0
SP-FA026,SP-FA026.pdf,10/11/2021,ISS-64111092,,1.0,0.0,1.0,2.0
SP-FA026,SP-FA026.pdf,04/03/2022,REC-22030023,2.0,,2.0,1.0,2.0
SP-FA026,SP-FA026.pdf,23/03/2022,ISS-65030274,,2.0,0.0,1.0,2.0
SP-FA026,SP-FA026.pdf,25/02/2023,REC-23020028,2.0,,2.0,1.0,2.0
SP-FA026,SP-FA026.pdf,27/02/2023,ISS-66020268,,1.0,1.0,1.0,2.0
SP-FA026,SP-FA026.pdf,15/06/2023,ISS-66060620,,1.0,0.0,1.0,2.0
SP-FA026,SP-FA026.pdf,08/03/2024,REC-24030034,2.0,,2.0,1.0,2.0
SP-FA026,SP-FA026.pdf,09/03/2024,ISS-67030232,,1.0,1.0,1.0,2.0
SP-FA026,SP-FA026.pdf,18/10/2024,ISS-67101195,,1.0,0.0,1.0,2.0
SP-FA026,SP-FA026.pdf,10/11/2025,REC-25110203,3.0,,3.0,1.0,2.0
SP-FA026,SP-FA026.pdf,12/12/2025,ISS-68121433,,1.0,2.0,1.0,2.0
SP-FA027,SP-FA027.pdf,12/06/2020,REC-20060047,2.0,,2.0,1.0,2.0
SP-FA027,SP-FA027.pdf,22/06/2020,ISS-63060102,,2.0,0.0,1.0,2.0
SP-FA027,SP-FA027.pdf,23/07/2020,REC-20070078,2.0,,2.0,1.0,2.0
SP-FA027,SP-FA027.pdf,13/08/2025,ISS-68080951,,1.0,1.0,1.0,2.0
SP-FA028,SP-FA028.pdf,19/10/2020,REC-20100127,4.0,,4.0,2.0,4.0
SP-FA028,SP-FA028.pdf,08/05/2021,REC-21050106,4.0,,8.0,2.0,4.0
SP-FA028,SP-FA028.pdf,08/05/2021,ISS-64050456,,2.0,6.0,2.0,4.0
SP-FA028,SP-FA028.pdf,22/04/2024,ISS-67040406,,1.0,5.0,2.0,4.0
SP-FA029,SP-FA029.pdf,02/04/2021,REC-21040067,3.0,,3.0,0.0,2.0
SP-FA029,SP-FA029.pdf,26/08/2021,ISS-64080805,,1.0,2.0,0.0,2.0
SP-FA029,SP-FA029.pdf,04/10/2021,ISS-64100946,,2.0,0.0,0.0,2.0
SP-FA029,SP-FA029.pdf,28/04/2022,REC-22040043,2.0,,2.0,0.0,2.0
SP-FA029,SP-FA029.pdf,24/05/2022,ISS-65050492,,2.0,0.0,0.0,2.0
SP-FA029,SP-FA029.pdf,15/06/2022,REC-22060072,2.0,,2.0,0.0,2.0
SP-FA029,SP-FA029.pdf,21/06/2022,ISS-65060614,,2.0,0.0,0.0,2.0
SP-FA029,SP-FA029.pdf,22/07/2022,REC-22070097,2.0,,2.0,0.0,2.0
SP-FA029,SP-FA029.pdf,12/04/2023,ISS-66040435,,1.0,1.0,0.0,2.0
SP-FA029,SP-FA029.pdf,04/09/2023,REC-23090125,2.0,,3.0,0.0,2.0
SP-FA029,SP-FA029.pdf,25/10/2024,ISS-67101227,,1.0,2.0,0.0,2.0
SP-FA029,SP-FA029.pdf,18/08/2025,ISS-68080965,,1.0,1.0,0.0,2.0
SP-FA029,SP-FA029.pdf,10/11/2025,REC-25110203,2.0,,3.0,0.0,2.0
SP-FA030,SP-FA030.pdf,29/07/2021,REC-21070150,4.0,,4.0,1.0,2.0
SP-FA030,SP-FA030.pdf,17/08/2023,ISS-66080826,,1.0,3.0,1.0,2.0
SP-FA030,SP-FA030.pdf,06/03/2024,ISS-67030222,,1.0,2.0,1.0,2.0
SP-FA030,SP-FA030.pdf,10/10/2025,REC-25100182,2.0,,4.0,1.0,2.0
SP-FA031,SP-FA031.pdf,25/08/2021,REC-21080161,2.0,,2.0,0.0,1.0
SP-FA031,SP-FA031.pdf,26/08/2021,ISS-64080804,,1.0,1.0,0.0,1.0
SP-FA031,SP-FA031.pdf,28/03/2022,ISS-65030294,,1.0,0.0,0.0,1.0
SP-FA031,SP-FA031.pdf,28/04/2022,REC-22040043,2.0,,2.0,0.0,1.0
SP-FA031,SP-FA031.pdf,28/05/2022,ISS-65050508,,1.0,1.0,0.0,1.0
SP-FA031,SP-FA031.pdf,03/06/2022,ISS-65060536,,1.0,0.0,0.0,1.0
SP-FA031,SP-FA031.pdf,22/07/2022,REC-22070097,2.0,,2.0,0.0,1.0
SP-FA031,SP-FA031.pdf,23/07/2022,ISS-65070740,,1.0,1.0,0.0,1.0
SP-FA031,SP-FA031.pdf,15/09/2022,REC-22090124,1.0,,2.0,0.0,1.0
SP-FA031,SP-FA031.pdf,28/11/2022,ISS-65111248,,1.0,1.0,0.0,1.0
SP-FA031,SP-FA031.pdf,03/02/2023,ISS-66020141,,1.0,0.0,0.0,1.0
SP-FA031,SP-FA031.pdf,15/08/2023,REC-23080115,2.0,,2.0,0.0,1.0
SP-FA031,SP-FA031.pdf,08/10/2024,ISS-67101141,,1.0,1.0,0.0,1.0
SP-FA031,SP-FA031.pdf,24/10/2024,ISS-67101220,,1.0,0.0,0.0,1.0
SP-FA031,SP-FA031.pdf,16/12/2024,REC-24120221,2.0,,2.0,0.0,1.0
SP-FA031,SP-FA031.pdf,11/02/2025,ISS-68020160,,1.0,1.0,0.0,1.0
SP-FA031,SP-FA031.pdf,11/08/2025,ISS-68080943,,1.0,0.0,0.0,1.0
SP-FA031,SP-FA031.pdf,10/11/2025,REC-25110203,2.0,,2.0,0.0,1.0
SP-FA031,SP-FA031.pdf,26/11/2025,ISS-68111360,,1.0,1.0,0.0,1.0
SP-FA031,SP-FA031.pdf,28/11/2025,ISS-68121429,,1.0,0.0,0.0,1.0
SP-FA031,SP-FA031.pdf,06/01/2026,REC-26010001,4.0,,4.0,0.0,1.0
SP-FA031,SP-FA031.pdf,12/01/2026,ISS-69010031,,1.0,3.0,0.0,1.0
SP-FA031,SP-FA031.pdf,08/04/2026,ISS-69040368,,1.0,2.0,0.0,1.0
SP-FA031,SP-FA031.pdf,19/06/2026,ISS-69060618,,1.0,1.0,0.0,1.0
SP-FA032,SP-FA032.pdf,06/11/2021,REC-21110197,1.0,,1.0,0.0,1.0
SP-FA033,SP-FA033.pdf,06/11/2021,REC-21110197,2.0,,2.0,0.0,1.0
SP-FA034,SP-FA034.pdf,12/12/2022,REC-22120168,2.0,,2.0,0.0,1.0
SP-FA034,SP-FA034.pdf,15/09/2023,ISS-66090978,,1.0,1.0,0.0,1.0
SP-FA034,SP-FA034.pdf,27/11/2024,ISS-67111361,,1.0,0.0,0.0,1.0
SP-FA034,SP-FA034.pdf,07/12/2024,REC-24120213,2.0,,2.0,0.0,1.0
SP-FA034,SP-FA034.pdf,17/06/2025,ISS-68060732,,1.0,1.0,0.0,1.0
SP-FA035,SP-FA035.pdf,16/06/2023,REC-23060083,2.0,,2.0,1.0,2.0
SP-FA035,SP-FA035.pdf,29/06/2023,ISS-66060676,,1.0,1.0,1.0,2.0
SP-FA035,SP-FA035.pdf,23/05/2025,ISS-68050598,,1.0,0.0,1.0,2.0
SP-FA035,SP-FA035.pdf,04/07/2025,REC-25070125,2.0,,2.0,1.0,2.0
SP-FA036,SP-FA036.pdf,26/09/2023,REC-23090134,3.0,,3.0,1.0,2.0
SP-FA036,SP-FA036.pdf,11/01/2024,ISS-67010054,,1.0,2.0,1.0,2.0
SP-FA037,SP-FA037.pdf,19/02/2024,REC-24020023,2.0,,2.0,1.0,1.0
SP-FA037,SP-FA037.pdf,23/03/2026,ISS-69030311,,1.0,1.0,1.0,1.0
SP-FA037,SP-FA037.pdf,24/03/2026,REC-26030058,1.0,,2.0,1.0,1.0
SP-FA038,SP-FA038.pdf,28/08/2024,REC-24080128,2.0,,2.0,1.0,2.0
SP-FA038,SP-FA038.pdf,19/10/2024,ISS-67101204,,1.0,1.0,1.0,2.0
SP-FA038,SP-FA038.pdf,18/03/2025,ISS-68060758,,1.0,0.0,1.0,2.0
SP-FA038,SP-FA038.pdf,26/05/2025,REC-25050095,1.0,,1.0,1.0,2.0
SP-FA038,SP-FA038.pdf,17/06/2025,ISS-68060731,,1.0,0.0,1.0,2.0
SP-FA038,SP-FA038.pdf,10/09/2025,REC-25090170,2.0,,2.0,1.0,2.0
SP-FA038,SP-FA038.pdf,10/09/2025,ISS-68091071,,0.0,2.0,1.0,2.0
SP-FA039,SP-FA039.pdf,28/08/2024,REC-24080129,1.0,,1.0,0.0,1.0
SP-FA041,SP-FA041.pdf,31/07/2026,REC-26080159,2.0,,2.0,1.0,2.0
SP-FB001,SP-FB001.pdf,19/09/2020,REC-20090105,4.0,,4.0,0.0,10.0
SP-FB001,SP-FB001.pdf,15/10/2021,ISS-64100977,,1.0,3.0,0.0,10.0
SP-FB001,SP-FB001.pdf,08/03/2022,ISS-65030217,,1.0,2.0,0.0,10.0
SP-FB001,SP-FB001.pdf,09/03/2022,ISS-65030222,,1.0,1.0,0.0,10.0
SP-FB001,SP-FB001.pdf,06/10/2022,ISS-65101018,,1.0,0.0,0.0,10.0
SP-FB001,SP-FB001.pdf,08/12/2022,REC-22120167,4.0,,4.0,0.0,10.0
SP-FB001,SP-FB001.pdf,08/04/2023,ISS-66040418,,1.0,3.0,0.0,10.0
SP-FB002,SP-FB002.pdf,18/05/2020,REC-20050001,7.0,,7.0,3.0,10.0
SP-FB002,SP-FB002.pdf,04/07/2020,ISS-63070144,,3.0,4.0,3.0,10.0
SP-FB002,SP-FB002.pdf,22/01/2021,ISS-64010095,,2.0,2.0,3.0,10.0
SP-FB002,SP-FB002.pdf,09/07/2021,REC-21070135,5.0,,7.0,3.0,10.0
SP-FB002,SP-FB002.pdf,09/07/2021,ISS-64070651,,1.0,6.0,3.0,10.0
SP-FB002,SP-FB002.pdf,16/10/2021,ISS-64100986,,1.0,5.0,3.0,10.0
SP-FB002,SP-FB002.pdf,30/10/2021,ISS-64101047,,1.0,4.0,3.0,10.0
SP-FB002,SP-FB002.pdf,08/11/2021,REC-21110193,21.0,,25.0,3.0,10.0
SP-FB002,SP-FB002.pdf,26/11/2021,REC-21110199,8.0,,33.0,3.0,10.0
SP-FB002,SP-FB002.pdf,23/12/2021,REC-21120211,30.0,,63.0,3.0,10.0
SP-FB002,SP-FB002.pdf,22/01/2022,REC-22010011,6.0,,69.0,3.0,10.0
SP-FB002,SP-FB002.pdf,05/02/2022,ISS-65020115,,1.0,68.0,3.0,10.0
SP-FB002,SP-FB002.pdf,16/03/2022,ISS-65030247,,6.0,62.0,3.0,10.0
SP-FB002,SP-FB002.pdf,12/04/2022,ISS-65040339,,1.0,61.0,3.0,10.0
SP-FB002,SP-FB002.pdf,14/05/2022,ISS-65050457,,2.0,59.0,3.0,10.0
SP-FB002,SP-FB002.pdf,07/06/2022,ISS-65060553,,2.0,57.0,3.0,10.0
SP-FB002,SP-FB002.pdf,15/08/2022,ISS-65080813,,1.0,56.0,3.0,10.0
SP-FB002,SP-FB002.pdf,16/08/2022,ISS-65080815,,1.0,55.0,3.0,10.0
SP-FB002,SP-FB002.pdf,09/11/2022,ISS-65111160,,1.0,54.0,3.0,10.0
SP-FB002,SP-FB002.pdf,14/11/2022,ISS-65111177,,2.0,52.0,3.0,10.0
SP-FB002,SP-FB002.pdf,06/12/2022,ISS-65121277,,2.0,50.0,3.0,10.0
SP-FB002,SP-FB002.pdf,14/12/2022,ISS-65121323,,2.0,48.0,3.0,10.0
SP-FB002,SP-FB002.pdf,13/01/2023,ISS-66010044,,3.0,45.0,3.0,10.0
SP-FB002,SP-FB002.pdf,19/01/2023,ISS-66010079,,3.0,42.0,3.0,10.0
SP-FB002,SP-FB002.pdf,01/02/2023,ISS-66020121,,2.0,40.0,3.0,10.0
SP-FB002,SP-FB002.pdf,20/02/2023,ISS-66020229,,1.0,39.0,3.0,10.0
SP-FB002,SP-FB002.pdf,07/06/2023,ISS-66060591,,1.0,38.0,3.0,10.0
SP-FB002,SP-FB002.pdf,26/06/2023,ISS-66060667,,2.0,36.0,3.0,10.0
SP-FB002,SP-FB002.pdf,10/07/2023,ISS-66070710,,1.0,35.0,3.0,10.0
SP-FB002,SP-FB002.pdf,06/09/2023,ISS-66090933,,2.0,33.0,3.0,10.0
SP-FB002,SP-FB002.pdf,12/10/2023,ISS-66101089,,2.0,31.0,3.0,10.0
SP-FB002,SP-FB002.pdf,04/01/2024,ISS-67010028,,1.0,30.0,3.0,10.0
SP-FB002,SP-FB002.pdf,24/02/2025,ISS-68020211,,2.0,28.0,3.0,10.0
SP-FB003,SP-FB003.pdf,18/05/2020,REC-20050001,3.0,,3.0,2.0,10.0
SP-FB003,SP-FB003.pdf,20/07/2020,ISS-63070212,,1.0,2.0,2.0,10.0
SP-FB003,SP-FB003.pdf,30/09/2020,ISS-63090434,,1.0,1.0,2.0,10.0
SP-FB003,SP-FB003.pdf,19/11/2020,ISS-63110620,,1.0,0.0,2.0,10.0
SP-FB003,SP-FB003.pdf,09/07/2021,REC-21070135,5.0,,5.0,2.0,10.0
SP-FB003,SP-FB003.pdf,06/08/2021,ISS-64080733,,1.0,4.0,2.0,10.0
SP-FB003,SP-FB003.pdf,05/10/2021,ISS-64100954,,1.0,3.0,2.0,10.0
SP-FB003,SP-FB003.pdf,12/03/2022,ISS-65030233,,1.0,2.0,2.0,10.0
SP-FB003,SP-FB003.pdf,28/03/2022,ISS-65030296,,1.0,1.0,2.0,10.0
SP-FB003,SP-FB003.pdf,04/05/2022,ISS-65050404,,1.0,0.0,2.0,10.0
SP-FB003,SP-FB003.pdf,30/05/2025,REC-25050067,4.0,,4.0,2.0,10.0
SP-FB003,SP-FB003.pdf,05/01/2026,ISS-69010011,,1.0,3.0,2.0,10.0
SP-FB004,SP-FB004.pdf,18/05/2020,REC-20050001,8.0,,8.0,3.0,10.0
SP-FB004,SP-FB004.pdf,16/11/2020,ISS-63110602,,1.0,7.0,3.0,10.0
SP-FB004,SP-FB004.pdf,06/08/2021,ISS-64080734,,1.0,6.0,3.0,10.0
SP-FB004,SP-FB004.pdf,01/04/2022,ISS-65040313,,1.0,5.0,3.0,10.0
SP-FB004,SP-FB004.pdf,25/08/2022,ISS-65080863,,1.0,4.0,3.0,10.0
SP-FB004,SP-FB004.pdf,05/09/2022,ISS-65090900,,1.0,3.0,3.0,10.0
SP-FB004,SP-FB004.pdf,11/11/2022,ISS-65111172,,1.0,2.0,3.0,10.0
SP-FB004,SP-FB004.pdf,10/07/2023,ISS-66070710,,2.0,0.0,3.0,10.0
SP-FB004,SP-FB004.pdf,30/05/2025,REC-25050067,4.0,,4.0,3.0,10.0
SP-FB004,SP-FB004.pdf,02/03/2026,ISS-69030211,,4.0,0.0,3.0,10.0
SP-FB005,SP-FB005.pdf,02/04/2021,REC-21040065,10.0,,10.0,0.0,10.0
SP-FB005,SP-FB005.pdf,08/07/2021,ISS-64070642,,3.0,7.0,0.0,10.0
SP-FB005,SP-FB005.pdf,02/08/2021,ISS-64080718,,2.0,5.0,0.0,10.0
SP-FB005,SP-FB005.pdf,10/09/2021,ISS-64090849,,1.0,4.0,0.0,10.0
SP-FB005,SP-FB005.pdf,22/09/2022,ISS-65090956,,2.0,2.0,0.0,10.0
SP-FB005,SP-FB005.pdf,23/02/2023,ISS-66020246,,1.0,1.0,0.0,10.0
SP-FB005,SP-FB005.pdf,08/04/2023,REC-23070102,4.0,,5.0,0.0,10.0
SP-FB005,SP-FB005.pdf,27/07/2023,ISS-66070770,,2.0,3.0,0.0,10.0
SP-FB005,SP-FB005.pdf,16/09/2023,ISS-66090984,,1.0,2.0,0.0,10.0
SP-FB005,SP-FB005.pdf,05/10/2023,ISS-66101058,,2.0,0.0,0.0,10.0
SP-FB005,SP-FB005.pdf,10/08/2024,REC-24080116,5.0,,5.0,0.0,10.0
SP-FB005,SP-FB005.pdf,15/08/2024,ISS-67080851,,2.0,3.0,0.0,10.0
SP-FB005,SP-FB005.pdf,22/08/2024,ISS-67080887,,2.0,1.0,0.0,10.0
SP-FB005,SP-FB005.pdf,22/08/2024,ISS-67080898,,1.0,0.0,0.0,10.0
SP-FB005,SP-FB005.pdf,07/12/2024,REC-24120213,5.0,,5.0,0.0,10.0
SP-FB005,SP-FB005.pdf,16/12/2024,ISS-67121455,,1.0,4.0,0.0,10.0
SP-FB005,SP-FB005.pdf,16/12/2024,ISS-67121456,,1.0,3.0,0.0,10.0
SP-FB005,SP-FB005.pdf,13/05/2025,ISS-68050531,,1.0,2.0,0.0,10.0
SP-FB005,SP-FB005.pdf,17/06/2025,ISS-68060726,,2.0,0.0,0.0,10.0
SP-FB005,SP-FB005.pdf,04/07/2025,REC-25070125,4.0,,4.0,0.0,10.0
SP-FB005,SP-FB005.pdf,25/08/2025,ISS-68080986,,1.0,3.0,0.0,10.0
SP-FB006,SP-FB006.pdf,09/07/2021,REC-21070135,3.0,,3.0,0.0,10.0
SP-FB006,SP-FB006.pdf,13/08/2021,ISS-64080751,,2.0,1.0,0.0,10.0
SP-FB006,SP-FB006.pdf,04/10/2021,ISS-64100948,,1.0,0.0,0.0,10.0
SP-FB006,SP-FB006.pdf,30/10/2021,REC-21100190,5.0,,5.0,0.0,10.0
SP-FB006,SP-FB006.pdf,08/02/2022,ISS-65020124,,1.0,4.0,0.0,10.0
SP-FB006,SP-FB006.pdf,26/04/2022,ISS-65040380,,2.0,2.0,0.0,10.0
SP-FB006,SP-FB006.pdf,16/05/2022,ISS-65050460,,2.0,0.0,0.0,10.0
SP-FB006,SP-FB006.pdf,17/10/2022,REC-22100142,3.0,,3.0,0.0,10.0
SP-FB006,SP-FB006.pdf,24/11/2022,ISS-65111233,,2.0,1.0,0.0,10.0
SP-FB006,SP-FB006.pdf,27/04/2023,ISS-66040461,,1.0,0.0,0.0,10.0
SP-FB006,SP-FB006.pdf,23/09/2024,REC-24090149,5.0,,5.0,0.0,10.0
SP-FB006,SP-FB006.pdf,24/09/2024,ISS-67091049,,2.0,3.0,0.0,10.0
SP-FB006,SP-FB006.pdf,10/10/2024,ISS-67101156,,1.0,2.0,0.0,10.0
SP-FB006,SP-FB006.pdf,02/12/2024,ISS-67121388,,1.0,1.0,0.0,10.0
SP-FB006,SP-FB006.pdf,15/09/2025,ISS-68091079,,1.0,0.0,0.0,10.0
SP-FB006,SP-FB006.pdf,31/10/2025,REC-25100197,5.0,,5.0,0.0,10.0
SP-FB006,SP-FB006.pdf,29/06/2026,ISS-69060646,,0.0,5.0,0.0,10.0
SP-FB007,SP-FB007.pdf,18/05/2020,REC-20050001,6.0,,6.0,3.0,10.0
SP-FB007,SP-FB007.pdf,19/09/2020,REC-20090105,2.0,,8.0,3.0,10.0
SP-FB007,SP-FB007.pdf,21/12/2021,ISS-64121233,,1.0,7.0,3.0,10.0
SP-FB008,SP-FB008.pdf,18/05/2020,REC-20050001,1.0,,1.0,0.0,10.0
SP-FB008,SP-FB008.pdf,19/09/2020,REC-20090105,12.0,,13.0,0.0,10.0
SP-FB009,SP-FB009.pdf,18/05/2020,REC-20050001,5.0,,5.0,3.0,10.0
SP-FB009,SP-FB009.pdf,08/02/2022,ISS-65020122,,2.0,3.0,3.0,10.0
SP-FB010,SP-FB010.pdf,18/05/2020,REC-20050001,1.0,,1.0,0.0,4.0
SP-FB014,SP-FB014.pdf,18/05/2020,REC-20050001,2.0,,2.0,2.0,10.0
SP-FB019,SP-FB019.pdf,02/04/2021,REC-21040066,29.0,,29.0,,
SP-FB019,SP-FB019.pdf,14/09/2021,ISS-64090870,,1.0,28.0,,
SP-FB019,SP-FB019.pdf,06/11/2021,ISS-64111080,,2.0,26.0,,
SP-FB019,SP-FB019.pdf,14/09/2022,ISS-65090925,,1.0,25.0,,
SP-FB019,SP-FB019.pdf,03/10/2022,ISS-65101002,,1.0,24.0,,
SP-FB019,SP-FB019.pdf,17/10/2022,ISS-65101047,,1.0,23.0,,
SP-FB019,SP-FB019.pdf,04/11/2022,ISS-65111131,,2.0,21.0,,
SP-FB019,SP-FB019.pdf,19/12/2022,REC-22120173,2.0,,23.0,,
SP-FB019,SP-FB019.pdf,16/01/2023,ISS-66010059,,2.0,21.0,,
SP-FB019,SP-FB019.pdf,11/03/2023,ISS-67101200,,2.0,19.0,,
SP-FB019,SP-FB019.pdf,17/08/2023,ISS-66080829,,1.0,18.0,,
SP-FB019,SP-FB019.pdf,19/02/2024,ISS-67020162,,1.0,17.0,,
SP-FB019,SP-FB019.pdf,26/02/2024,ISS-67020189,,1.0,16.0,,
SP-FB019,SP-FB019.pdf,01/04/2024,ISS-67040328,,1.0,15.0,,
SP-FB019,SP-FB019.pdf,08/04/2024,ISS-67040362,,1.0,14.0,,
SP-FB019,SP-FB019.pdf,19/06/2024,ISS-67060637,,3.0,11.0,,
SP-FB019,SP-FB019.pdf,20/06/2024,ISS-67060655,,3.0,8.0,,
SP-FB019,SP-FB019.pdf,20/06/2024,ISS-67060636,,3.0,5.0,,
SP-FB019,SP-FB019.pdf,24/06/2024,ISS-67060654,,2.0,3.0,,
SP-FB019,SP-FB019.pdf,30/06/2024,ISS-67070696,,1.0,2.0,,
SP-FB019,SP-FB019.pdf,08/08/2024,ISS-67080829,,2.0,0.0,,
SP-FB019,SP-FB019.pdf,21/10/2024,REC-24100176,26.0,,26.0,,
SP-FB019,SP-FB019.pdf,21/10/2024,ISS-67101203,,2.0,24.0,,
SP-FB019,SP-FB019.pdf,19/11/2024,ISS-67111323,,2.0,22.0,,
SP-FB019,SP-FB019.pdf,18/12/2024,ISS-68050519,,3.0,19.0,,
SP-FB019,SP-FB019.pdf,08/01/2025,ISS-68050520,,3.0,16.0,,
SP-FB019,SP-FB019.pdf,08/02/2025,ISS-68020150,,2.0,14.0,,
SP-FB019,SP-FB019.pdf,21/02/2025,ISS-68020206,,1.0,13.0,,
SP-FB019,SP-FB019.pdf,20/03/2025,ISS-68030315,,2.0,11.0,,
SP-FB019,SP-FB019.pdf,29/03/2025,ISS-68030357,,2.0,9.0,,
SP-FB019,SP-FB019.pdf,09/05/2025,ISS-68050518,,3.0,6.0,,
SP-FB019,SP-FB019.pdf,15/05/2025,ISS-68050549,,1.0,5.0,,
SP-FB019,SP-FB019.pdf,23/05/2025,ISS-68050601,,2.0,3.0,,
SP-FB019,SP-FB019.pdf,23/05/2025,ISS-68050605,,1.0,2.0,,
SP-FB019,SP-FB019.pdf,28/05/2025,ISS-68050619,,1.0,1.0,,
SP-FB019,SP-FB019.pdf,11/06/2025,ISS-68060703,,1.0,0.0,,
SP-FB019,SP-FB019.pdf,10/10/2025,REC-25100182,10.0,,10.0,,
SP-FB019,SP-FB019.pdf,22/10/2025,ISS-68101220,,2.0,8.0,,
SP-FB019,SP-FB019.pdf,05/11/2025,ISS-68111287,,2.0,6.0,,
SP-FB019,SP-FB019.pdf,12/01/2026,ISS-69010034,,2.0,4.0,,
SP-FB020,SP-FB020.pdf,09/07/2021,REC-21070135,5.0,,5.0,1.0,5.0
SP-FB020,SP-FB020.pdf,13/06/2026,ISS-69060593,,1.0,4.0,1.0,5.0
SP-FB021,SP-FB021.pdf,09/07/2021,REC-21070135,5.0,,5.0,1.0,5.0
SP-FB021,SP-FB021.pdf,06/08/2021,ISS-64080733,,1.0,4.0,1.0,5.0
SP-FB021,SP-FB021.pdf,16/10/2021,ISS-64100987,,1.0,3.0,1.0,5.0
SP-FB021,SP-FB021.pdf,08/01/2022,ISS-65010032,,1.0,2.0,1.0,5.0
SP-FB021,SP-FB021.pdf,08/04/2024,ISS-67040361,,1.0,1.0,1.0,5.0
SP-FB022,SP-FB022.pdf,09/07/2021,REC-21070135,5.0,,5.0,1.0,5.0
SP-FB022,SP-FB022.pdf,13/07/2022,ISS-65070703,,1.0,4.0,1.0,5.0
SP-FB022,SP-FB022.pdf,03/02/2023,ISS-66020136,,1.0,3.0,1.0,5.0
SP-FB022,SP-FB022.pdf,23/04/2024,ISS-67040408,,2.0,1.0,1.0,5.0
SP-FB022,SP-FB022.pdf,26/04/2024,ISS-67040421,,1.0,0.0,1.0,5.0
SP-FB023,SP-FB023.pdf,09/07/2021,REC-21070135,5.0,,5.0,1.0,5.0
SP-FB023,SP-FB023.pdf,14/10/2021,ISS-64100975,,1.0,4.0,1.0,5.0
SP-FB023,SP-FB023.pdf,26/11/2021,REC-21110199,6.0,,10.0,1.0,5.0
SP-FB023,SP-FB023.pdf,25/08/2022,ISS-65080863,,1.0,9.0,1.0,5.0
SP-FB023,SP-FB023.pdf,07/11/2022,ISS-65111147,,2.0,7.0,1.0,5.0
SP-FB023,SP-FB023.pdf,23/09/2024,ISS-67091043,,2.0,5.0,1.0,5.0
SP-FB023,SP-FB023.pdf,29/01/2026,ISS-69010095,,1.0,4.0,1.0,5.0
SP-FB024,SP-FB024.pdf,30/08/2021,REC-21080163,3.0,,3.0,1.0,5.0
SP-FB024,SP-FB024.pdf,21/02/2022,ISS-65020170,,1.0,2.0,1.0,5.0
SP-FB024,SP-FB024.pdf,27/04/2022,ISS-65040383,,1.0,1.0,1.0,5.0
SP-FB024,SP-FB024.pdf,05/08/2022,ISS-65080780,,1.0,0.0,1.0,5.0
SP-FB024,SP-FB024.pdf,17/10/2022,REC-22100142,3.0,,3.0,1.0,5.0
SP-FB024,SP-FB024.pdf,21/10/2022,ISS-65101070,,2.0,1.0,1.0,5.0
SP-FB024,SP-FB024.pdf,07/11/2022,ISS-65111150,,1.0,0.0,1.0,5.0
SP-FB024,SP-FB024.pdf,21/07/2023,REC-23070101,2.0,,2.0,1.0,5.0
SP-FB024,SP-FB024.pdf,06/09/2023,ISS-66090932,,1.0,1.0,1.0,5.0
SP-FB024,SP-FB024.pdf,04/11/2023,ISS-66111175,,1.0,0.0,1.0,5.0
SP-FB024,SP-FB024.pdf,12/03/2025,REC-25030026,2.0,,2.0,1.0,5.0
SP-FB024,SP-FB024.pdf,09/04/2025,ISS-68040397,,2.0,0.0,1.0,5.0
SP-FB024,SP-FB024.pdf,26/04/2025,REC-25040062,6.0,,6.0,1.0,5.0
SP-FB024,SP-FB024.pdf,18/12/2025,ISS-68121465,,1.0,5.0,1.0,5.0
SP-FB025,SP-FB025.pdf,30/08/2021,REC-21080163,5.0,,5.0,1.0,5.0
SP-FB025,SP-FB025.pdf,29/11/2021,ISS-64111150,,1.0,4.0,1.0,5.0
SP-FB025,SP-FB025.pdf,30/06/2022,ISS-65060646,,1.0,3.0,1.0,5.0
SP-FB025,SP-FB025.pdf,02/09/2022,ISS-65090893,,1.0,2.0,1.0,5.0
SP-FB025,SP-FB025.pdf,07/11/2022,ISS-65111145,,2.0,0.0,1.0,5.0
SP-FB027,SP-FB027.pdf,31/10/2023,REC-23110160,3.0,,3.0,1.0,2.0
SP-FB028,SP-FB028.pdf,23/06/2026,REC-26060124,3.0,,3.0,1.0,3.0
SP-FB028,SP-FB028.pdf,26/06/2026,ISS-69060634,,1.0,2.0,1.0,3.0
SP-FC001,SP-FC001.pdf,18/05/2020,REC-20050001,2.0,,2.0,1.0,5.0
SP-FC001,SP-FC001.pdf,06/07/2020,ISS-63070147,,1.0,1.0,1.0,5.0
SP-FC001,SP-FC001.pdf,12/12/2020,REC-20120158,3.0,,4.0,1.0,5.0
SP-FC001,SP-FC001.pdf,16/01/2021,ISS-64010067,,1.0,3.0,1.0,5.0
SP-FC001,SP-FC001.pdf,02/04/2024,ISS-67040340,,1.0,2.0,1.0,5.0
SP-FC002,SP-FC002.pdf,18/05/2020,REC-20050001,3.0,,3.0,2.0,5.0
SP-FC003,SP-FC003.pdf,18/05/2020,REC-20050001,2.0,,2.0,1.0,10.0
SP-FC003,SP-FC003.pdf,21/07/2020,ISS-63070218,,2.0,0.0,1.0,10.0
SP-FC003,SP-FC003.pdf,29/08/2020,REC-20080099,10.0,,10.0,1.0,10.0
SP-FC003,SP-FC003.pdf,19/10/2020,ISS-63100490,,2.0,8.0,1.0,10.0
SP-FC003,SP-FC003.pdf,10/11/2020,ISS-63110564,,4.0,4.0,1.0,10.0
SP-FC003,SP-FC003.pdf,15/01/2021,ISS-64010062,,1.0,3.0,1.0,10.0
SP-FC003,SP-FC003.pdf,03/03/2021,ISS-64030236,,1.0,2.0,1.0,10.0
SP-FC003,SP-FC003.pdf,04/10/2021,ISS-64100946,,2.0,0.0,1.0,10.0
SP-FC004,SP-FC004.pdf,18/05/2020,REC-20050001,2.0,,2.0,3.0,10.0
SP-FC004,SP-FC004.pdf,20/06/2020,ISS-63060097,,1.0,1.0,3.0,10.0
SP-FC004,SP-FC004.pdf,11/03/2021,ISS-64030272,,1.0,0.0,3.0,10.0
SP-FC004,SP-FC004.pdf,20/03/2021,REC-21030045,3.0,,3.0,3.0,10.0
SP-FC004,SP-FC004.pdf,20/03/2021,REC-21030046,1.0,,4.0,3.0,10.0
SP-FC005,SP-FC005.pdf,18/05/2020,REC-20050001,10.0,,10.0,3.0,10.0
SP-FC005,SP-FC005.pdf,10/10/2020,ISS-63100471,,2.0,8.0,3.0,10.0
SP-FC005,SP-FC005.pdf,11/12/2020,ISS-63120690,,2.0,6.0,3.0,10.0
SP-FC005,SP-FC005.pdf,29/01/2021,ISS-64010120,,2.0,4.0,3.0,10.0
SP-FC005,SP-FC005.pdf,25/02/2021,ISS-64020212,,2.0,2.0,3.0,10.0
SP-FC005,SP-FC005.pdf,20/03/2021,REC-21030045,10.0,,12.0,3.0,10.0
SP-FC005,SP-FC005.pdf,11/05/2021,ISS-64050475,,1.0,11.0,3.0,10.0
SP-FC005,SP-FC005.pdf,17/05/2023,ISS-66050519,,1.0,10.0,3.0,10.0
SP-FC005,SP-FC005.pdf,17/05/2023,ISS-66050522,,2.0,8.0,3.0,10.0
SP-FC005,SP-FC005.pdf,09/02/2024,ISS-67020135,,1.0,7.0,3.0,10.0
SP-FC006,SP-FC006.pdf,18/05/2020,REC-20050001,1.0,,1.0,0.0,10.0
SP-FC007,SP-FC007.pdf,18/05/2020,REC-20050001,2.0,,2.0,1.0,10.0
SP-FC008,SP-FC008.pdf,10/07/2020,REC-20070064,10.0,,10.0,,
SP-FC008,SP-FC008.pdf,10/07/2020,ISS-63070169,,2.0,8.0,,
SP-FC008,SP-FC008.pdf,22/07/2020,ISS-63070219,,2.0,6.0,,
SP-FC008,SP-FC008.pdf,24/07/2020,ISS-63070230,,2.0,4.0,,
SP-FC008,SP-FC008.pdf,15/08/2020,ISS-63080287,,2.0,2.0,,
SP-FC008,SP-FC008.pdf,20/08/2020,ISS-63080301,,2.0,0.0,,
SP-FC008,SP-FC008.pdf,29/08/2020,REC-20080099,10.0,,10.0,,
SP-FC008,SP-FC008.pdf,10/10/2020,ISS-63100471,,2.0,8.0,,
SP-FC008,SP-FC008.pdf,11/05/2021,ISS-64050475,,2.0,6.0,,
SP-FC009,SP-FC009.pdf,10/07/2020,REC-20070064,10.0,,10.0,,
SP-FC009,SP-FC009.pdf,10/07/2020,ISS-63070169,,2.0,8.0,,
SP-FC009,SP-FC009.pdf,15/08/2020,ISS-63080287,,2.0,6.0,,
SP-FC009,SP-FC009.pdf,20/08/2020,ISS-63080301,,2.0,4.0,,
SP-FC009,SP-FC009.pdf,22/08/2020,ISS-63080310,,2.0,2.0,,
SP-FC009,SP-FC009.pdf,03/09/2020,ISS-63090355,,2.0,0.0,,
SP-FC011,SP-FC011.pdf,10/07/2020,REC-20070064,10.0,,10.0,,
SP-FC011,SP-FC011.pdf,22/12/2020,ISS-63120736,,1.0,9.0,,
SP-FC011,SP-FC011.pdf,25/02/2021,ISS-64020208,,1.0,8.0,,
SP-FC011,SP-FC011.pdf,20/12/2021,ISS-64121224,,1.0,7.0,,
SP-FC012,SP-FC012.pdf,04/09/2020,REC-20090101,14.0,,14.0,,
SP-FC012,SP-FC012.pdf,04/09/2020,ISS-63090383,,3.0,11.0,,
SP-FC012,SP-FC012.pdf,16/09/2020,ISS-63090393,,2.0,9.0,,
SP-FC012,SP-FC012.pdf,29/10/2020,ISS-63100526,,2.0,7.0,,
SP-FC012,SP-FC012.pdf,04/12/2020,ISS-63120672,,2.0,5.0,,
SP-FC012,SP-FC012.pdf,26/01/2021,ISS-64010110,,2.0,3.0,,
SP-FC012,SP-FC012.pdf,27/03/2021,ISS-64030324,,2.0,1.0,,
SP-FC012,SP-FC012.pdf,17/05/2021,ISS-64050494,,1.0,0.0,,
SP-FC012,SP-FC012.pdf,09/08/2021,REC-21090166,28.0,,28.0,,
SP-FC012,SP-FC012.pdf,09/09/2021,ISS-64090845,,2.0,26.0,,
SP-FC012,SP-FC012.pdf,13/12/2021,ISS-64121190,,1.0,25.0,,
SP-FC012,SP-FC012.pdf,14/12/2021,ISS-64121198,,2.0,23.0,,
SP-FC013,SP-FC013.pdf,29/08/2020,REC-20080099,2.0,,2.0,,
SP-FC013,SP-FC013.pdf,29/08/2020,REC-20080100,1.0,,3.0,,
SP-FC013,SP-FC013.pdf,30/03/2021,ISS-64030337,,1.0,2.0,,
SP-FC013,SP-FC013.pdf,28/09/2021,ISS-64090924,,1.0,1.0,,
SP-FD001,SP-FD001.pdf,18/05/2020,REC-20050001,12.0,,12.0,2.0,4.0
SP-FD001,SP-FD001.pdf,23/07/2021,ISS-64070685,,2.0,10.0,2.0,4.0
SP-FD001,SP-FD001.pdf,09/12/2022,ISS-65121291,,1.0,9.0,2.0,4.0
SP-FD002,SP-FD002.pdf,18/05/2020,REC-20050001,1.0,,1.0,0.0,2.0
SP-FD003,SP-FD003.pdf,18/05/2020,REC-20050001,2.0,,2.0,0.0,4.0
SP-FD004,SP-FD004.pdf,18/05/2020,REC-20050001,2.0,,2.0,1.0,2.0
SP-FD005,SP-FD005.pdf,18/05/2020,REC-20050001,1.0,,1.0,0.0,4.0
SP-FD006,SP-FD006.pdf,18/05/2020,REC-20050001,1.0,,1.0,1.0,5.0
SP-FD006,SP-FD006.pdf,29/04/2021,ISS-64040426,,1.0,0.0,1.0,5.0
SP-FD006,SP-FD006.pdf,23/12/2021,REC-21120211,4.0,,4.0,1.0,5.0
SP-FD006,SP-FD006.pdf,09/07/2025,ISS-68070818,,1.0,3.0,1.0,5.0
SP-FD007,SP-FD007.pdf,18/05/2020,REC-20050001,25.0,,25.0,2.0,10.0
SP-FD007,SP-FD007.pdf,29/09/2020,ISS-63090432,,1.0,24.0,2.0,10.0
SP-FD007,SP-FD007.pdf,12/05/2021,ISS-64050478,,24.0,0.0,2.0,10.0
SP-FD007,SP-FD007.pdf,25/10/2021,REC-21100186,10.0,,10.0,2.0,10.0
SP-FD007,SP-FD007.pdf,28/04/2023,ISS-66040465,,10.0,0.0,2.0,10.0
SP-FD007,SP-FD007.pdf,16/07/2024,REC-24070100,12.0,,12.0,2.0,10.0
SP-FD007,SP-FD007.pdf,18/03/2025,ISS-68030305,,1.0,11.0,2.0,10.0
SP-FD008,SP-FD008.pdf,18/05/2020,REC-20050001,2.0,,2.0,1.0,5.0
SP-FD009,SP-FD009.pdf,18/05/2020,REC-20050001,2.0,,2.0,1.0,2.0
SP-FD010,SP-FD010.pdf,18/05/2020,REC-20050001,1.0,,1.0,0.0,2.0
SP-FD011,SP-FD011.pdf,18/05/2020,REC-20050001,1.0,,1.0,0.0,2.0
SP-FD012,SP-FD012.pdf,18/05/2020,REC-20050017,3.0,,3.0,,
SP-FD012,SP-FD012.pdf,22/07/2020,ISS-63070221,,1.0,2.0,,
SP-FD012,SP-FD012.pdf,15/02/2021,ISS-64020168,,1.0,1.0,,
SP-FD012,SP-FD012.pdf,12/10/2021,ISS-64100969,,1.0,0.0,,
SP-FD012,SP-FD012.pdf,12/12/2022,REC-22120170,2.0,,2.0,,
SP-FD012,SP-FD012.pdf,09/01/2023,ISS-66010030,,1.0,1.0,,
SP-FD012,SP-FD012.pdf,01/08/2023,ISS-66080781,,1.0,0.0,,
SP-FD012,SP-FD012.pdf,18/09/2023,REC-23090132,2.0,,2.0,,
SP-FD012,SP-FD012.pdf,08/11/2023,ISS-66111193,,1.0,1.0,,
SP-FD012,SP-FD012.pdf,24/05/2024,REC-24070109,2.0,,3.0,,
SP-FD012,SP-FD012.pdf,20/09/2024,ISS-67091028,,1.0,2.0,,
SP-FD012,SP-FD012.pdf,10/10/2024,ISS-67121410,,1.0,1.0,,
SP-FD012,SP-FD012.pdf,06/12/2024,ISS-67121400,,1.0,0.0,,
SP-FD012,SP-FD012.pdf,10/11/2025,REC-25110202,2.0,,2.0,,
SP-FD012,SP-FD012.pdf,12/11/2025,ISS-68111313,,1.0,1.0,,
SP-FD012,SP-FD012.pdf,19/02/2026,ISS-69020182,,1.0,0.0,,
SP-FD012,SP-FD012.pdf,24/02/2026,REC-26020031,2.0,,2.0,,
SP-FD012,SP-FD012.pdf,24/02/2026,ISS-69020187,,1.0,1.0,,
SP-FD012,SP-FD012.pdf,05/05/2026,ISS-69050412,,1.0,0.0,,
SP-FD012,SP-FD012.pdf,01/06/2026,REC-26060108,2.0,,2.0,,
SP-FD013,SP-FD013.pdf,06/06/2020,REC-20060044,1.0,,1.0,,
SP-FD013,SP-FD013.pdf,24/06/2020,ISS-63060107,,1.0,0.0,,
SP-FD013,SP-FD013.pdf,07/10/2024,REC-24100163,1.0,,1.0,,
SP-FD014,SP-FD014.pdf,06/06/2020,REC-20060044,1.0,,1.0,,
SP-FD014,SP-FD014.pdf,24/06/2020,ISS-63060107,,1.0,0.0,,
SP-FD014,SP-FD014.pdf,07/10/2024,REC-24100163,1.0,,1.0,,
SP-FD015,SP-FD015.pdf,06/06/2020,REC-20060044,2.0,,2.0,,
SP-FD015,SP-FD015.pdf,17/06/2020,ISS-63060086,,2.0,0.0,,
SP-FD015,SP-FD015.pdf,07/10/2024,REC-24100163,2.0,,2.0,,
SP-FD016,SP-FD016.pdf,06/06/2020,REC-20060044,1.0,,1.0,,
SP-FD016,SP-FD016.pdf,14/06/2022,ISS-69040388,,1.0,0.0,,
SP-FD016,SP-FD016.pdf,27/04/2026,REC-26040070,2.0,,2.0,,
SP-FD016,SP-FD016.pdf,27/04/2026,ISS-69040389,,1.0,1.0,,
SP-FD017,SP-FD017.pdf,12/06/2020,REC-20060047,2.0,,2.0,,
SP-FD017,SP-FD017.pdf,19/03/2026,REC-26030055,2.0,,4.0,,
SP-FD018,SP-FD018.pdf,12/06/2020,REC-20060047,2.0,,2.0,,
SP-FD018,SP-FD018.pdf,01/06/2026,ISS-69060537,,2.0,0.0,,
SP-FD019,SP-FD019.pdf,23/05/2020,ISS-65030277,,1.0,-1.0,,
SP-FD019,SP-FD019.pdf,12/06/2020,REC-20060047,2.0,,1.0,,
SP-FD020,SP-FD020.pdf,28/10/2020,REC-20100131,2.0,,2.0,1.0,2.0
SP-FD021,SP-FD021.pdf,07/07/2023,REC-23070092,2.0,,2.0,1.0,2.0
SP-FD021,SP-FD021.pdf,08/07/2023,ISS-66070699,,1.0,1.0,1.0,2.0
SP-FD021,SP-FD021.pdf,19/08/2023,ISS-66080836,,1.0,0.0,1.0,2.0
SP-FD021,SP-FD021.pdf,01/04/2025,REC-25040039,3.0,,3.0,1.0,2.0
SP-FD021,SP-FD021.pdf,30/04/2025,ISS-68040481,,1.0,2.0,1.0,2.0
SP-FD021,SP-FD021.pdf,16/01/2026,ISS-69010052,,1.0,1.0,1.0,2.0
SP-FD022,SP-FD022.pdf,16/07/2024,REC-24070100,14.0,,14.0,0.0,10.0
SP-FD023,SP-FD023.pdf,16/07/2024,REC-24070100,4.0,,4.0,0.0,10.0
SP-FD024,SP-FD024.pdf,14/05/2026,REC-26050096,2.0,,2.0,1.0,2.0
SP-FD024,SP-FD024.pdf,14/05/2026,ISS-69050484,,2.0,0.0,1.0,2.0
SP-FD024,SP-FD024.pdf,26/05/2026,REC-26050101,1.0,,1.0,1.0,2.0
SP-FD024,SP-FD024.pdf,26/05/2026,REC-26050103,5.0,,6.0,1.0,2.0
SP-FE001,SP-FE001.pdf,18/05/2020,REC-20050001,6.0,,6.0,2.0,5.0
SP-FE001,SP-FE001.pdf,18/06/2020,ISS-63060089,,1.0,5.0,2.0,5.0
SP-FE001,SP-FE001.pdf,18/06/2020,ISS-63060090,,1.0,4.0,2.0,5.0
SP-FE001,SP-FE001.pdf,18/01/2021,ISS-64010073,,1.0,3.0,2.0,5.0
SP-FE001,SP-FE001.pdf,02/02/2022,ISS-65020111,,1.0,2.0,2.0,5.0
SP-FE002,SP-FE002.pdf,18/05/2020,REC-20050001,5.0,,5.0,2.0,5.0
SP-FE002,SP-FE002.pdf,18/01/2023,ISS-66010070,,1.0,4.0,2.0,5.0
SP-FE003,SP-FE003.pdf,18/05/2020,REC-20050001,2.0,,2.0,2.0,5.0
SP-FE003,SP-FE003.pdf,07/07/2020,ISS-63070151,,1.0,1.0,2.0,5.0
SP-FE003,SP-FE003.pdf,19/09/2020,ISS-63090400,,1.0,0.0,2.0,5.0
SP-FE003,SP-FE003.pdf,06/01/2022,REC-22010001,3.0,,3.0,2.0,5.0
SP-FE003,SP-FE003.pdf,20/06/2022,ISS-65060613,,1.0,2.0,2.0,5.0
SP-FE003,SP-FE003.pdf,06/09/2022,ISS-65090903,,1.0,1.0,2.0,5.0
SP-FE003,SP-FE003.pdf,24/07/2023,REC-23070104,1.0,,2.0,2.0,5.0
SP-FE004,SP-FE004.pdf,18/05/2020,REC-20050001,1.0,,1.0,2.0,5.0
SP-FE004,SP-FE004.pdf,29/06/2020,ISS-63060129,,1.0,0.0,2.0,5.0
SP-FE004,SP-FE004.pdf,17/07/2023,REC-23070095,1.0,,1.0,2.0,5.0
SP-FE004,SP-FE004.pdf,27/12/2023,ISS-66121366,,1.0,0.0,2.0,5.0
SP-FE005,SP-FE005.pdf,18/05/2020,REC-20050001,10.0,,10.0,2.0,5.0
SP-FE005,SP-FE005.pdf,29/09/2020,ISS-63090431,,1.0,9.0,2.0,5.0
SP-FE005,SP-FE005.pdf,03/02/2021,ISS-64020139,,1.0,8.0,2.0,5.0
SP-FE005,SP-FE005.pdf,04/10/2021,ISS-64100945,,2.0,6.0,2.0,5.0
SP-FE005,SP-FE005.pdf,25/11/2021,ISS-64111141,,2.0,4.0,2.0,5.0
SP-FE005,SP-FE005.pdf,14/12/2022,ISS-65121320,,1.0,3.0,2.0,5.0
SP-FE005,SP-FE005.pdf,02/09/2023,ISS-66090915,,1.0,2.0,2.0,5.0
SP-FE005,SP-FE005.pdf,25/12/2023,ISS-66121356,,1.0,1.0,2.0,5.0
SP-FE005,SP-FE005.pdf,23/05/2024,ISS-67050532,,1.0,0.0,2.0,5.0
SP-FE005,SP-FE005.pdf,19/08/2025,REC-25080150,4.0,,4.0,2.0,5.0
SP-FE005,SP-FE005.pdf,19/08/2025,ISS-68080973,,2.0,2.0,2.0,5.0
SP-FE005,SP-FE005.pdf,19/08/2025,ISS-68080974,,2.0,0.0,2.0,5.0
SP-FE005,SP-FE005.pdf,12/12/2025,REC-25120225,3.0,,3.0,2.0,5.0
SP-FE005,SP-FE005.pdf,04/03/2026,ISS-69030225,,1.0,2.0,2.0,5.0
SP-FE006,SP-FE006.pdf,18/05/2020,REC-20050001,6.0,,6.0,2.0,5.0
SP-FE006,SP-FE006.pdf,26/09/2020,ISS-63090424,,1.0,5.0,2.0,5.0
SP-FE007,SP-FE007.pdf,18/05/2020,REC-20050001,2.0,,2.0,2.0,5.0
SP-FE007,SP-FE007.pdf,31/08/2022,ISS-65080883,,1.0,1.0,2.0,5.0
SP-FE007,SP-FE007.pdf,26/10/2023,ISS-66101140,,1.0,0.0,2.0,5.0
SP-FE008,SP-FE008.pdf,18/05/2020,REC-20050001,1.0,,1.0,2.0,5.0
SP-FE009,SP-FE009.pdf,18/05/2020,REC-20050001,4.0,,4.0,2.0,5.0
SP-FE010,SP-FE010.pdf,18/05/2020,REC-20050001,3.0,,3.0,2.0,5.0
SP-FE011,SP-FE011.pdf,18/05/2020,REC-20050001,1.0,,1.0,1.0,2.0
SP-FE011,SP-FE011.pdf,29/07/2020,ISS-63070235,,1.0,0.0,1.0,2.0
SP-FE011,SP-FE011.pdf,05/08/2020,REC-20080088,1.0,,1.0,1.0,2.0
SP-FE011,SP-FE011.pdf,30/06/2022,ISS-65060649,,1.0,0.0,1.0,2.0
SP-FE011,SP-FE011.pdf,24/04/2023,REC-23040063,2.0,,2.0,1.0,2.0
SP-FE011,SP-FE011.pdf,25/04/2023,ISS-66050537,,1.0,1.0,1.0,2.0
SP-FE012,SP-FE012.pdf,18/05/2020,REC-20050001,3.0,,3.0,2.0,5.0
SP-FE012,SP-FE012.pdf,29/07/2020,ISS-63080263,,1.0,2.0,2.0,5.0
SP-FE012,SP-FE012.pdf,05/08/2020,ISS-63080264,,1.0,1.0,2.0,5.0
SP-FE012,SP-FE012.pdf,27/11/2021,ISS-64111144,,1.0,0.0,2.0,5.0
SP-FE013,SP-FE013.pdf,18/05/2020,REC-20050001,1.0,,1.0,0.0,2.0
SP-FE013,SP-FE013.pdf,01/07/2023,REC-23070087,1.0,,2.0,0.0,2.0
SP-FE013,SP-FE013.pdf,05/01/2026,ISS-69010008,,1.0,1.0,0.0,2.0
SP-FE014,SP-FE014.pdf,18/05/2020,REC-20050001,3.0,,3.0,1.0,5.0
SP-FE014,SP-FE014.pdf,21/04/2021,ISS-64040397,,1.0,2.0,1.0,5.0
SP-FE014,SP-FE014.pdf,05/05/2021,ISS-64050445,,1.0,1.0,1.0,5.0
SP-FE015,SP-FE015.pdf,18/05/2020,REC-20050001,1.0,,1.0,1.0,3.0
SP-FE015,SP-FE015.pdf,18/07/2020,ISS-63070211,,1.0,0.0,1.0,3.0
SP-FE015,SP-FE015.pdf,28/09/2020,REC-20090110,2.0,,2.0,1.0,3.0
SP-FE015,SP-FE015.pdf,23/11/2021,ISS-64111137,,1.0,1.0,1.0,3.0
SP-FE015,SP-FE015.pdf,14/05/2022,ISS-65050456,,1.0,0.0,1.0,3.0
SP-FE015,SP-FE015.pdf,18/05/2022,REC-22050056,3.0,,3.0,1.0,3.0
SP-FE015,SP-FE015.pdf,26/10/2023,ISS-66101135,,3.0,0.0,1.0,3.0
SP-FE015,SP-FE015.pdf,16/10/2024,REC-24100169,3.0,,3.0,1.0,3.0
SP-FE015,SP-FE015.pdf,10/06/2026,ISS-69060579,,1.0,2.0,1.0,3.0
SP-FE016,SP-FE016.pdf,18/05/2020,REC-20050001,2.0,,2.0,1.0,3.0
SP-FE016,SP-FE016.pdf,10/07/2020,ISS-63070171,,1.0,1.0,1.0,3.0
SP-FE016,SP-FE016.pdf,02/03/2021,ISS-64030230,,1.0,0.0,1.0,3.0
SP-FE016,SP-FE016.pdf,16/10/2024,REC-24100169,3.0,,3.0,1.0,3.0
SP-FE016,SP-FE016.pdf,02/04/2025,ISS-68040369,,1.0,2.0,1.0,3.0
SP-FE016,SP-FE016.pdf,06/09/2025,ISS-68091043,,1.0,1.0,1.0,3.0
SP-FE017,SP-FE017.pdf,18/05/2020,REC-20050001,1.0,,1.0,1.0,3.0
SP-FE017,SP-FE017.pdf,18/02/2023,ISS-66020223,,1.0,0.0,1.0,3.0
SP-FE017,SP-FE017.pdf,16/10/2024,REC-24100169,3.0,,3.0,1.0,3.0
SP-FE018,SP-FE018.pdf,18/05/2020,REC-20050001,1.0,,1.0,1.0,3.0
SP-FE019,SP-FE019.pdf,18/05/2020,REC-20050001,1.0,,1.0,1.0,3.0
SP-FE020,SP-FE020.pdf,18/05/2020,REC-20050001,1.0,,1.0,1.0,3.0
SP-FE020,SP-FE020.pdf,17/02/2022,ISS-65020152,,1.0,0.0,1.0,3.0
SP-FE021,SP-FE021.pdf,18/05/2020,REC-20050001,2.0,,2.0,1.0,3.0
SP-FE021,SP-FE021.pdf,25/05/2020,REC-20050035,1.0,,3.0,1.0,3.0
SP-FE021,SP-FE021.pdf,25/05/2020,ISS-63050021,,1.0,2.0,1.0,3.0
SP-FE021,SP-FE021.pdf,15/02/2021,ISS-64020167,,1.0,1.0,1.0,3.0
SP-FE021,SP-FE021.pdf,21/09/2021,ISS-64090904,,1.0,0.0,1.0,3.0
SP-FE021,SP-FE021.pdf,25/03/2022,REC-22030033,3.0,,3.0,1.0,3.0
SP-FE021,SP-FE021.pdf,26/03/2022,ISS-65030288,,1.0,2.0,1.0,3.0
SP-FE021,SP-FE021.pdf,23/05/2022,ISS-65050491,,1.0,1.0,1.0,3.0
SP-FE021,SP-FE021.pdf,16/06/2022,ISS-65060599,,1.0,0.0,1.0,3.0
SP-FE021,SP-FE021.pdf,20/04/2023,ISS-66040442,,1.0,-1.0,1.0,3.0
SP-FE021,SP-FE021.pdf,17/07/2023,REC-23070095,1.0,,0.0,1.0,3.0
SP-FE021,SP-FE021.pdf,24/07/2023,ISS-66070751,,1.0,-1.0,1.0,3.0
SP-FE021,SP-FE021.pdf,05/10/2023,REC-23100141,2.0,,1.0,1.0,3.0
SP-FE021,SP-FE021.pdf,11/01/2024,ISS-67010055,,1.0,0.0,1.0,3.0
SP-FE021,SP-FE021.pdf,02/04/2024,ISS-67040341,,1.0,-1.0,1.0,3.0
SP-FE021,SP-FE021.pdf,13/06/2024,REC-24060081,1.0,,0.0,1.0,3.0
SP-FE021,SP-FE021.pdf,14/06/2024,REC-24060082,2.0,,2.0,1.0,3.0
SP-FE021,SP-FE021.pdf,14/06/2024,ISS-67060615,,1.0,1.0,1.0,3.0
SP-FE021,SP-FE021.pdf,26/04/2025,ISS-68040466,,1.0,0.0,1.0,3.0
SP-FE021,SP-FE021.pdf,17/07/2025,ISS-68070859,,1.0,-1.0,1.0,3.0
SP-FE021,SP-FE021.pdf,27/11/2025,REC-25110210,3.0,,2.0,1.0,3.0
SP-FE021,SP-FE021.pdf,19/03/2026,REC-26030055,2.0,,4.0,1.0,3.0
SP-FE021,SP-FE021.pdf,27/06/2026,ISS-69060639,,1.0,3.0,1.0,3.0
SP-FE022,SP-FE022.pdf,18/05/2020,REC-20050001,2.0,,2.0,1.0,3.0
SP-FE022,SP-FE022.pdf,19/11/2021,ISS-64111119,,1.0,1.0,1.0,3.0
SP-FE022,SP-FE022.pdf,14/12/2021,ISS-64121193,,1.0,0.0,1.0,3.0
SP-FE022,SP-FE022.pdf,17/07/2023,REC-23070095,2.0,,2.0,1.0,3.0
SP-FE022,SP-FE022.pdf,29/10/2024,ISS-67101246,,1.0,1.0,1.0,3.0
SP-FE023,SP-FE023.pdf,18/05/2020,REC-20050001,1.0,,1.0,0.0,3.0
SP-FE023,SP-FE023.pdf,25/05/2022,ISS-65050499,,1.0,0.0,0.0,3.0
SP-FE023,SP-FE023.pdf,17/07/2023,REC-23070095,1.0,,1.0,0.0,3.0
SP-FE024,SP-FE024.pdf,18/05/2020,REC-20050001,3.0,,3.0,1.0,3.0
SP-FE024,SP-FE024.pdf,29/01/2021,ISS-64010119,,1.0,2.0,1.0,3.0
SP-FE024,SP-FE024.pdf,18/11/2021,ISS-64111117,,1.0,1.0,1.0,3.0
SP-FE024,SP-FE024.pdf,17/07/2023,REC-23070095,1.0,,2.0,1.0,3.0
SP-FE026,SP-FE026.pdf,08/02/2023,REC-23020022,1.0,,1.0,0.0,2.0
SP-FE026,SP-FE026.pdf,17/03/2025,ISS-68030302,,1.0,0.0,0.0,2.0
SP-FE027,SP-FE027.pdf,09/07/2020,REC-20070063,10.0,,10.0,0.0,20.0
SP-FE027,SP-FE027.pdf,18/07/2020,ISS-63070209,,1.0,9.0,0.0,20.0
SP-FE027,SP-FE027.pdf,21/10/2020,ISS-63100500,,1.0,8.0,0.0,20.0
SP-FE027,SP-FE027.pdf,28/01/2021,ISS-64010117,,1.0,7.0,0.0,20.0
SP-FE027,SP-FE027.pdf,23/02/2021,ISS-64020200,,3.0,4.0,0.0,20.0
SP-FE027,SP-FE027.pdf,05/05/2021,ISS-64050445,,1.0,3.0,0.0,20.0
SP-FE027,SP-FE027.pdf,05/05/2021,ISS-64050447,,3.0,0.0,0.0,20.0
SP-FE027,SP-FE027.pdf,27/05/2022,REC-22050058,20.0,,20.0,0.0,20.0
SP-FE027,SP-FE027.pdf,23/06/2022,ISS-65060620,,2.0,18.0,0.0,20.0
SP-FE027,SP-FE027.pdf,31/10/2022,ISS-65101111,,4.0,14.0,0.0,20.0
SP-FE027,SP-FE027.pdf,15/11/2022,ISS-65111189,,1.0,13.0,0.0,20.0
SP-FE027,SP-FE027.pdf,30/11/2022,ISS-65111261,,2.0,11.0,0.0,20.0
SP-FE027,SP-FE027.pdf,14/02/2023,ISS-66020206,,1.0,10.0,0.0,20.0
SP-FE027,SP-FE027.pdf,20/03/2023,ISS-66030340,,2.0,8.0,0.0,20.0
SP-FE027,SP-FE027.pdf,10/04/2024,ISS-67040378,,2.0,6.0,0.0,20.0
SP-FE027,SP-FE027.pdf,30/07/2024,ISS-67080915,,1.0,5.0,0.0,20.0
SP-FE027,SP-FE027.pdf,26/08/2024,ISS-67080914,,1.0,4.0,0.0,20.0
SP-FE027,SP-FE027.pdf,27/11/2024,ISS-68020152,,4.0,0.0,0.0,20.0
SP-FE027,SP-FE027.pdf,09/06/2025,REC-25060099,20.0,,20.0,0.0,20.0
SP-FE027,SP-FE027.pdf,31/07/2025,ISS-68070907,,2.0,18.0,0.0,20.0
SP-FE027,SP-FE027.pdf,22/11/2025,ISS-68111349,,2.0,16.0,0.0,20.0
SP-FE028,SP-FE028.pdf,18/05/2020,REC-20050001,18.0,,18.0,10.0,20.0
SP-FE028,SP-FE028.pdf,29/05/2020,ISS-63050040,,5.0,13.0,10.0,20.0
SP-FE028,SP-FE028.pdf,11/05/2021,ISS-64050468,,1.0,12.0,10.0,20.0
SP-FE028,SP-FE028.pdf,27/03/2024,ISS-67030315,,1.0,11.0,10.0,20.0
SP-FE028,SP-FE028.pdf,31/05/2024,ISS-67050553,,3.0,8.0,10.0,20.0
SP-FE028,SP-FE028.pdf,11/07/2024,ISS-67070745,,1.0,7.0,10.0,20.0
SP-FE029,SP-FE029.pdf,18/05/2020,REC-20050001,4.0,,4.0,1.0,2.0
SP-FE030,SP-FE030.pdf,18/05/2020,REC-20050001,2.0,,2.0,1.0,2.0
SP-FE030,SP-FE030.pdf,15/08/2022,ISS-65080810,,1.0,1.0,1.0,2.0
SP-FE032,SP-FE032.pdf,18/05/2020,REC-20050001,3.0,,3.0,1.0,2.0
SP-FE033,SP-FE033.pdf,18/05/2020,REC-20050001,1.0,,1.0,1.0,2.0
SP-FE033,SP-FE033.pdf,09/08/2022,ISS-65080794,,1.0,0.0,1.0,2.0
SP-FE033,SP-FE033.pdf,10/08/2022,REC-22080107,1.0,,1.0,1.0,2.0
SP-FE033,SP-FE033.pdf,16/05/2025,ISS-68050568,,1.0,0.0,1.0,2.0
SP-FE033,SP-FE033.pdf,31/07/2025,REC-25070140,1.0,,1.0,1.0,2.0
SP-FE034,SP-FE034.pdf,18/05/2020,REC-20050001,3.0,,3.0,1.0,2.0
SP-FE034,SP-FE034.pdf,19/05/2021,ISS-64050519,,1.0,2.0,1.0,2.0
SP-FE034,SP-FE034.pdf,06/08/2021,ISS-64080736,,1.0,1.0,1.0,2.0
SP-FE034,SP-FE034.pdf,17/07/2023,REC-23070095,1.0,,2.0,1.0,2.0
SP-FE034,SP-FE034.pdf,21/08/2023,ISS-66080842,,1.0,1.0,1.0,2.0
SP-FE034,SP-FE034.pdf,05/03/2025,REC-25030025,2.0,,3.0,1.0,2.0
SP-FE034,SP-FE034.pdf,12/07/2025,ISS-68070840,,1.0,2.0,1.0,2.0
SP-FE036,SP-FE036.pdf,18/05/2020,REC-20050001,1.0,,1.0,0.0,1.0
SP-FE037,SP-FE037.pdf,28/05/2020,REC-20050038,5.0,,5.0,2.0,4.0
SP-FE037,SP-FE037.pdf,28/05/2020,ISS-63050035,,1.0,4.0,2.0,4.0
SP-FE037,SP-FE037.pdf,28/05/2020,ISS-63050036,,1.0,3.0,2.0,4.0
SP-FE037,SP-FE037.pdf,28/05/2020,ISS-63050037,,1.0,2.0,2.0,4.0
SP-FE037,SP-FE037.pdf,26/06/2020,ISS-63060115,,1.0,1.0,2.0,4.0
SP-FE037,SP-FE037.pdf,20/08/2020,ISS-63080303,,1.0,0.0,2.0,4.0
SP-FE037,SP-FE037.pdf,28/09/2020,REC-20090110,2.0,,2.0,2.0,4.0
SP-FE037,SP-FE037.pdf,10/10/2020,REC-20100116,3.0,,5.0,2.0,4.0
SP-FE037,SP-FE037.pdf,08/03/2021,ISS-64030256,,2.0,3.0,2.0,4.0
SP-FE037,SP-FE037.pdf,18/08/2021,ISS-64080769,,1.0,2.0,2.0,4.0
SP-FE037,SP-FE037.pdf,10/12/2021,ISS-64121187,,1.0,1.0,2.0,4.0
SP-FE037,SP-FE037.pdf,21/02/2022,ISS-65020171,,1.0,0.0,2.0,4.0
SP-FE037,SP-FE037.pdf,25/03/2022,REC-22030034,2.0,,2.0,2.0,4.0
SP-FE037,SP-FE037.pdf,23/04/2022,ISS-65040365,,1.0,1.0,2.0,4.0
SP-FE037,SP-FE037.pdf,11/05/2022,ISS-65050434,,1.0,0.0,2.0,4.0
SP-FE037,SP-FE037.pdf,18/05/2022,REC-22050056,3.0,,3.0,2.0,4.0
SP-FE037,SP-FE037.pdf,19/05/2022,ISS-65050479,,1.0,2.0,2.0,4.0
SP-FE037,SP-FE037.pdf,14/07/2022,ISS-65070712,,1.0,1.0,2.0,4.0
SP-FE037,SP-FE037.pdf,03/10/2022,ISS-65101001,,1.0,0.0,2.0,4.0
SP-FE037,SP-FE037.pdf,13/01/2023,REC-23010004,2.0,,2.0,2.0,4.0
SP-FE037,SP-FE037.pdf,13/01/2023,ISS-66010045,,1.0,1.0,2.0,4.0
SP-FE037,SP-FE037.pdf,28/08/2023,ISS-66080880,,1.0,0.0,2.0,4.0
SP-FE037,SP-FE037.pdf,16/07/2024,REC-24070100,1.0,,1.0,2.0,4.0
SP-FE037,SP-FE037.pdf,24/09/2024,ISS-67091047,,1.0,0.0,2.0,4.0
SP-FE039,SP-FE039.pdf,18/05/2020,REC-20050018,10.0,,10.0,,
SP-FE039,SP-FE039.pdf,29/05/2020,ISS-63050040,,5.0,5.0,,
SP-FE039,SP-FE039.pdf,09/07/2020,REC-20070063,10.0,,15.0,,
SP-FE039,SP-FE039.pdf,18/07/2020,ISS-63070209,,1.0,14.0,,
SP-FE039,SP-FE039.pdf,10/08/2020,ISS-63080276,,10.0,4.0,,
SP-FE039,SP-FE039.pdf,10/09/2020,ISS-63090371,,4.0,0.0,,
SP-FE039,SP-FE039.pdf,05/11/2020,REC-20110135,20.0,,20.0,,
SP-FE039,SP-FE039.pdf,08/01/2021,ISS-64010021,,1.0,19.0,,
SP-FE039,SP-FE039.pdf,25/01/2021,ISS-64010103,,1.0,18.0,,
SP-FE039,SP-FE039.pdf,10/03/2021,ISS-64030266,,2.0,16.0,,
SP-FE039,SP-FE039.pdf,23/03/2021,ISS-64030308,,2.0,14.0,,
SP-FE039,SP-FE039.pdf,25/03/2021,ISS-64030315,,2.0,12.0,,
SP-FE039,SP-FE039.pdf,29/05/2021,ISS-64050550,,1.0,11.0,,
SP-FE039,SP-FE039.pdf,03/12/2021,ISS-64121164,,2.0,9.0,,
SP-FE039,SP-FE039.pdf,04/02/2022,ISS-65020112,,1.0,8.0,,
SP-FE039,SP-FE039.pdf,23/07/2022,ISS-65070737,,2.0,6.0,,
SP-FE039,SP-FE039.pdf,17/09/2022,REC-22090128,20.0,,26.0,,
SP-FE039,SP-FE039.pdf,13/10/2022,ISS-65101034,,2.0,24.0,,
SP-FE039,SP-FE039.pdf,14/02/2023,ISS-66020200,,1.0,23.0,,
SP-FE039,SP-FE039.pdf,21/06/2023,ISS-66060644,,2.0,21.0,,
SP-FE039,SP-FE039.pdf,17/08/2023,ISS-66080831,,2.0,19.0,,
SP-FE039,SP-FE039.pdf,10/10/2023,ISS-66101080,,1.0,18.0,,
SP-FE039,SP-FE039.pdf,10/04/2024,ISS-67040377,,2.0,16.0,,
SP-FE039,SP-FE039.pdf,15/05/2024,ISS-67050486,,2.0,14.0,,
SP-FE039,SP-FE039.pdf,12/06/2024,ISS-67060602,,1.0,13.0,,
SP-FE039,SP-FE039.pdf,12/06/2024,ISS-67060603,,1.0,12.0,,
SP-FE039,SP-FE039.pdf,26/06/2024,ISS-67060660,,2.0,10.0,,
SP-FE039,SP-FE039.pdf,09/08/2024,ISS-67080833,,1.0,9.0,,
SP-FE039,SP-FE039.pdf,30/09/2024,ISS-67091081,,1.0,8.0,,
SP-FE039,SP-FE039.pdf,31/07/2025,ISS-68070907,,2.0,6.0,,
SP-FE041,SP-FE041.pdf,27/11/2020,REC-20110149,3.0,,3.0,,
SP-FE041,SP-FE041.pdf,22/02/2021,ISS-64020192,,1.0,2.0,,
SP-FE041,SP-FE041.pdf,16/03/2021,ISS-64030279,,1.0,1.0,,
SP-FE041,SP-FE041.pdf,25/03/2022,REC-22030034,2.0,,3.0,,
SP-FE041,SP-FE041.pdf,26/03/2022,ISS-65030293,,1.0,2.0,,
SP-FE041,SP-FE041.pdf,22/06/2023,ISS-66101071,,1.0,1.0,,
SP-FE041,SP-FE041.pdf,16/07/2024,REC-24070100,2.0,,3.0,,
SP-FE041,SP-FE041.pdf,13/02/2025,ISS-68020169,,1.0,2.0,,
SP-FE041,SP-FE041.pdf,14/07/2026,REC-26070141,4.0,,6.0,,
SP-FE041,SP-FE041.pdf,14/07/2026,ISS-69070698,,1.0,5.0,,
SP-FE043,SP-FE043.pdf,13/09/2024,REC-24090140,2.0,,2.0,,
SP-FE043,SP-FE043.pdf,23/09/2024,ISS-67091045,,2.0,0.0,,
SP-FE043,SP-FE043.pdf,12/12/2024,REC-24120217,2.0,,2.0,,
SP-FE043,SP-FE043.pdf,12/12/2024,ISS-67121434,,1.0,1.0,,
SP-FE044,SP-FE044.pdf,06/06/2020,REC-20060044,2.0,,2.0,,
SP-FE044,SP-FE044.pdf,12/06/2020,REC-20060045,2.0,,4.0,,
SP-FE044,SP-FE044.pdf,17/06/2020,ISS-63060086,,1.0,3.0,,
SP-FE044,SP-FE044.pdf,13/11/2020,ISS-63110586,,1.0,2.0,,
SP-FE044,SP-FE044.pdf,17/09/2021,ISS-64090884,,1.0,1.0,,
SP-FE044,SP-FE044.pdf,16/02/2022,ISS-65020149,,1.0,0.0,,
SP-FE044,SP-FE044.pdf,17/07/2023,REC-23070095,5.0,,5.0,,
SP-FE044,SP-FE044.pdf,20/07/2023,ISS-66070738,,3.0,2.0,,
SP-FE044,SP-FE044.pdf,08/08/2023,ISS-66080796,,1.0,1.0,,
SP-FE044,SP-FE044.pdf,14/09/2023,ISS-66090969,,1.0,0.0,,
SP-FE044,SP-FE044.pdf,22/03/2024,REC-24030041,4.0,,4.0,,
SP-FE044,SP-FE044.pdf,02/04/2024,ISS-67040335,,2.0,2.0,,
SP-FE044,SP-FE044.pdf,16/07/2024,REC-24070100,4.0,,6.0,,
SP-FE044,SP-FE044.pdf,17/07/2024,ISS-67091075,,4.0,2.0,,
SP-FE044,SP-FE044.pdf,11/09/2024,ISS-67091001,,1.0,1.0,,
SP-FE044,SP-FE044.pdf,27/09/2024,ISS-67091076,,1.0,0.0,,
SP-FE044,SP-FE044.pdf,05/03/2025,REC-25030025,2.0,,2.0,,
SP-FE044,SP-FE044.pdf,31/05/2025,ISS-68050640,,1.0,1.0,,
SP-FE044,SP-FE044.pdf,10/06/2025,ISS-68091069,,1.0,0.0,,
SP-FE044,SP-FE044.pdf,25/08/2025,REC-25080155,3.0,,3.0,,
SP-FE044,SP-FE044.pdf,10/09/2025,ISS-68091070,,1.0,2.0,,
SP-FE044,SP-FE044.pdf,15/09/2025,ISS-68091075,,1.0,1.0,,
SP-FE045,SP-FE045.pdf,06/06/2020,REC-20060044,2.0,,2.0,1.0,3.0
SP-FE045,SP-FE045.pdf,25/08/2020,ISS-63080322,,1.0,1.0,1.0,3.0
SP-FE045,SP-FE045.pdf,25/03/2021,ISS-64030312,,1.0,0.0,1.0,3.0
SP-FE045,SP-FE045.pdf,19/05/2025,REC-25050084,2.0,,2.0,1.0,3.0
SP-FE045,SP-FE045.pdf,09/06/2025,ISS-68060689,,1.0,1.0,1.0,3.0
SP-FE045,SP-FE045.pdf,10/07/2025,ISS-68070825,,1.0,0.0,1.0,3.0
SP-FE046,SP-FE046.pdf,06/06/2020,REC-20060044,2.0,,2.0,1.0,3.0
SP-FE046,SP-FE046.pdf,24/06/2020,ISS-63060108,,1.0,1.0,1.0,3.0
SP-FE046,SP-FE046.pdf,25/06/2020,ISS-63060112,,1.0,0.0,1.0,3.0
SP-FE046,SP-FE046.pdf,28/10/2020,REC-20100131,3.0,,3.0,1.0,3.0
SP-FE046,SP-FE046.pdf,10/11/2020,ISS-63110565,,1.0,2.0,1.0,3.0
SP-FE046,SP-FE046.pdf,17/12/2020,ISS-63120719,,1.0,1.0,1.0,3.0
SP-FE046,SP-FE046.pdf,02/02/2021,ISS-64020132,,1.0,0.0,1.0,3.0
SP-FE046,SP-FE046.pdf,24/07/2023,REC-23070104,2.0,,2.0,1.0,3.0
SP-FE046,SP-FE046.pdf,18/11/2023,ISS-66111227,,1.0,1.0,1.0,3.0
SP-FE046,SP-FE046.pdf,15/01/2024,ISS-67010065,,1.0,0.0,1.0,3.0
SP-FE046,SP-FE046.pdf,05/03/2025,REC-25030025,2.0,,2.0,1.0,3.0
SP-FE046,SP-FE046.pdf,13/03/2025,ISS-68030277,,1.0,1.0,1.0,3.0
SP-FE046,SP-FE046.pdf,17/05/2025,ISS-68050574,,1.0,0.0,1.0,3.0
SP-FE047,SP-FE047.pdf,05/06/2020,REC-20080091,1.0,,1.0,,
SP-FE047,SP-FE047.pdf,10/08/2020,ISS-63080280,,1.0,0.0,,
SP-FE047,SP-FE047.pdf,14/09/2021,REC-21090170,2.0,,2.0,,
SP-FE047,SP-FE047.pdf,15/09/2021,ISS-64090878,,2.0,0.0,,
SP-FE047,SP-FE047.pdf,06/01/2022,REC-22010001,2.0,,2.0,,
SP-FE047,SP-FE047.pdf,24/03/2022,ISS-65030278,,1.0,1.0,,
SP-FE047,SP-FE047.pdf,07/05/2022,ISS-65050421,,1.0,0.0,,
SP-FE047,SP-FE047.pdf,17/07/2023,REC-23070095,6.0,,6.0,,
SP-FE047,SP-FE047.pdf,19/07/2023,ISS-66070735,,3.0,3.0,,
SP-FE047,SP-FE047.pdf,14/08/2023,ISS-66080818,,1.0,2.0,,
SP-FE047,SP-FE047.pdf,04/03/2024,ISS-67030210,,1.0,1.0,,
SP-FE047,SP-FE047.pdf,22/04/2024,ISS-67091089,,1.0,0.0,,
SP-FE047,SP-FE047.pdf,27/09/2024,REC-24090159,6.0,,6.0,,
SP-FE047,SP-FE047.pdf,30/09/2024,ISS-67091090,,5.0,1.0,,
SP-FE047,SP-FE047.pdf,16/01/2025,ISS-68010058,,1.0,0.0,,
SP-FE047,SP-FE047.pdf,05/03/2025,REC-25030025,4.0,,4.0,,
SP-FE047,SP-FE047.pdf,05/06/2025,ISS-68060673,,1.0,3.0,,
SP-FE047,SP-FE047.pdf,28/10/2025,ISS-68101251,,1.0,2.0,,
SP-FE047,SP-FE047.pdf,15/11/2025,ISS-68111323,,1.0,1.0,,
SP-FE047,SP-FE047.pdf,28/11/2025,ISS-68121469,,1.0,0.0,,
SP-FE047,SP-FE047.pdf,19/03/2026,REC-26030055,6.0,,6.0,,
SP-FE047,SP-FE047.pdf,19/03/2026,ISS-69030291,,2.0,4.0,,
SP-FE048,SP-FE048.pdf,15/10/2020,REC-20100119,2.0,,2.0,,
SP-FE048,SP-FE048.pdf,16/10/2020,ISS-63100479,,1.0,1.0,,
SP-FE048,SP-FE048.pdf,12/01/2021,ISS-64010042,,1.0,0.0,,
SP-FE048,SP-FE048.pdf,30/01/2021,REC-21010017,2.0,,2.0,,
SP-FE048,SP-FE048.pdf,27/02/2021,ISS-64020217,,1.0,1.0,,
SP-FE048,SP-FE048.pdf,21/08/2023,ISS-66080841,,1.0,0.0,,
SP-FE048,SP-FE048.pdf,25/08/2023,REC-23080117,1.0,,1.0,,
SP-FE048,SP-FE048.pdf,08/02/2025,ISS-68020144,,1.0,0.0,,
SP-FE048,SP-FE048.pdf,05/06/2025,REC-25060101,1.0,,1.0,,
SP-FE048,SP-FE048.pdf,05/08/2025,ISS-68080924,,1.0,0.0,,
SP-FE048,SP-FE048.pdf,30/01/2026,REC-26010024,3.0,,3.0,,
SP-FE048,SP-FE048.pdf,03/02/2026,ISS-69020121,,1.0,2.0,,
SP-FE048,SP-FE048.pdf,19/03/2026,REC-26030056,2.0,,4.0,,
SP-FE049,SP-FE049.pdf,28/10/2020,REC-20100131,3.0,,3.0,,
SP-FE049,SP-FE049.pdf,31/10/2020,ISS-63110537,,2.0,1.0,,
SP-FE049,SP-FE049.pdf,10/11/2020,REC-20110138,5.0,,6.0,,
SP-FE049,SP-FE049.pdf,11/11/2020,ISS-63110575,,4.0,2.0,,
SP-FE049,SP-FE049.pdf,11/05/2021,ISS-64050470,,1.0,1.0,,
SP-FE049,SP-FE049.pdf,22/03/2022,ISS-65030269,,1.0,0.0,,
SP-FE049,SP-FE049.pdf,17/07/2023,REC-23070095,1.0,,1.0,,
SP-FE050,SP-FE050.pdf,28/10/2020,REC-20100131,3.0,,3.0,,
SP-FE050,SP-FE050.pdf,31/10/2020,ISS-63110537,,2.0,1.0,,
SP-FE050,SP-FE050.pdf,10/11/2020,REC-20110138,5.0,,6.0,,
SP-FE050,SP-FE050.pdf,11/11/2020,ISS-63110577,,4.0,2.0,,
SP-FE050,SP-FE050.pdf,12/12/2020,REC-20120159,7.0,,9.0,,
SP-FE050,SP-FE050.pdf,11/05/2021,ISS-64050467,,1.0,8.0,,
SP-FE050,SP-FE050.pdf,22/03/2022,ISS-65030270,,1.0,7.0,,
SP-FE050,SP-FE050.pdf,25/12/2025,ISS-68121484,,1.0,6.0,,
SP-FE051,SP-FE051.pdf,12/12/2020,REC-20120159,3.0,,3.0,1.0,5.0
SP-FE052,SP-FE052.pdf,12/01/2021,REC-21040077,4.0,,4.0,1.0,4.0
SP-FE052,SP-FE052.pdf,10/04/2021,ISS-64040380,,1.0,3.0,1.0,4.0
SP-FE052,SP-FE052.pdf,10/04/2021,ISS-64040381,,1.0,2.0,1.0,4.0
SP-FE052,SP-FE052.pdf,16/02/2022,ISS-65020150,,1.0,1.0,1.0,4.0
SP-FE052,SP-FE052.pdf,19/05/2025,REC-25050084,2.0,,3.0,1.0,4.0
SP-FE052,SP-FE052.pdf,21/05/2025,ISS-68060776,,1.0,2.0,1.0,4.0
SP-FE052,SP-FE052.pdf,28/05/2025,ISS-68050616,,1.0,1.0,1.0,4.0
SP-FE052,SP-FE052.pdf,02/06/2025,ISS-68060649,,1.0,0.0,1.0,4.0
SP-FE053,SP-FE053.pdf,22/05/2019,REC-21040074,1.0,,1.0,0.0,1.0
SP-FE053,SP-FE053.pdf,23/05/2019,ISS-64040365,,1.0,0.0,0.0,1.0
SP-FE053,SP-FE053.pdf,29/05/2019,REC-21040075,2.0,,2.0,0.0,1.0
SP-FE053,SP-FE053.pdf,30/03/2020,ISS-64040366,,1.0,1.0,0.0,1.0
SP-FE053,SP-FE053.pdf,31/03/2020,ISS-64040367,,1.0,0.0,0.0,1.0
SP-FE053,SP-FE053.pdf,09/10/2021,REC-21100179,2.0,,2.0,0.0,1.0
SP-FE053,SP-FE053.pdf,15/06/2023,ISS-66060621,,1.0,1.0,0.0,1.0
SP-FE053,SP-FE053.pdf,31/01/2024,ISS-67010111,,1.0,0.0,0.0,1.0
SP-FE053,SP-FE053.pdf,10/03/2025,REC-25030024,4.0,,4.0,0.0,1.0
SP-FE053,SP-FE053.pdf,12/03/2025,ISS-68030268,,1.0,3.0,0.0,1.0
SP-FE053,SP-FE053.pdf,14/05/2025,ISS-68050538,,1.0,2.0,0.0,1.0
SP-FE053,SP-FE053.pdf,15/10/2025,ISS-68101181,,1.0,1.0,0.0,1.0
SP-FE053,SP-FE053.pdf,19/03/2026,REC-26030056,5.0,,6.0,0.0,1.0
SP-FE054,SP-FE054.pdf,19/03/2020,REC-21040076,1.0,,1.0,0.0,1.0
SP-FE054,SP-FE054.pdf,20/03/2020,ISS-64040368,,1.0,0.0,0.0,1.0
SP-FE054,SP-FE054.pdf,09/10/2021,REC-21100179,1.0,,1.0,0.0,1.0
SP-FE054,SP-FE054.pdf,03/11/2022,ISS-65111124,,1.0,0.0,0.0,1.0
SP-FE054,SP-FE054.pdf,10/03/2025,REC-25030024,2.0,,2.0,0.0,1.0
SP-FE055,SP-FE055.pdf,09/10/2021,REC-21100179,2.0,,2.0,0.0,1.0
SP-FE055,SP-FE055.pdf,10/05/2022,ISS-65050430,,1.0,1.0,0.0,1.0
SP-FE055,SP-FE055.pdf,03/11/2022,ISS-65111124,,1.0,0.0,0.0,1.0
SP-FE055,SP-FE055.pdf,10/03/2025,REC-25030024,2.0,,2.0,0.0,1.0
SP-FE056,SP-FE056.pdf,09/10/2021,REC-21100179,1.0,,1.0,0.0,1.0
SP-FE056,SP-FE056.pdf,18/05/2022,ISS-65050473,,1.0,0.0,0.0,1.0
SP-FE056,SP-FE056.pdf,19/03/2026,REC-26030056,1.0,,1.0,0.0,1.0
SP-FE060,SP-FE060.pdf,30/04/2021,REC-21040100,10.0,,10.0,2.0,10.0
SP-FE060,SP-FE060.pdf,03/05/2021,ISS-64050439,,2.0,8.0,2.0,10.0
SP-FE061,SP-FE061.pdf,12/05/2021,REC-21050109,2.0,,2.0,1.0,2.0
SP-FE061,SP-FE061.pdf,20/10/2021,ISS-64101002,,1.0,1.0,1.0,2.0
SP-FE062,SP-FE062.pdf,09/08/2021,REC-21080152,1.0,,1.0,,
SP-FE062,SP-FE062.pdf,17/05/2025,ISS-68050578,,1.0,0.0,,
SP-FE063,SP-FE063.pdf,19/11/2021,REC-21110198,2.0,,2.0,0.0,2.0
SP-FE063,SP-FE063.pdf,16/05/2022,ISS-65050463,,1.0,1.0,0.0,2.0
SP-FE063,SP-FE063.pdf,18/05/2022,REC-22050056,3.0,,4.0,0.0,2.0
SP-FE063,SP-FE063.pdf,07/04/2023,ISS-66040412,,3.0,1.0,0.0,2.0
SP-FE063,SP-FE063.pdf,10/04/2023,REC-23040057,2.0,,3.0,0.0,2.0
SP-FE063,SP-FE063.pdf,26/02/2024,ISS-67020188,,1.0,2.0,0.0,2.0
SP-FE064,SP-FE064.pdf,25/03/2022,REC-22030033,2.0,,2.0,1.0,3.0
SP-FE064,SP-FE064.pdf,26/03/2022,ISS-65030289,,1.0,1.0,1.0,3.0
SP-FE064,SP-FE064.pdf,04/02/2023,ISS-66020153,,1.0,0.0,1.0,3.0
SP-FE064,SP-FE064.pdf,17/07/2023,REC-23070095,1.0,,1.0,1.0,3.0
SP-FE064,SP-FE064.pdf,16/07/2024,REC-24070100,4.0,,5.0,1.0,3.0
SP-FE065,SP-FE065.pdf,07/05/2022,REC-22050047,1.0,,1.0,1.0,2.0
SP-FE066,SP-FE066.pdf,07/05/2022,REC-22050047,1.0,,1.0,1.0,2.0
SP-FE067,SP-FE067.pdf,07/05/2022,REC-22050047,1.0,,1.0,1.0,2.0
SP-FE067,SP-FE067.pdf,03/11/2022,ISS-65111124,,1.0,0.0,1.0,2.0
SP-FE068,SP-FE068.pdf,06/01/2022,REC-22010001,2.0,,2.0,1.0,2.0
SP-FE068,SP-FE068.pdf,10/05/2024,ISS-67050482,,1.0,1.0,1.0,2.0
SP-FE068,SP-FE068.pdf,12/06/2025,REC-25060113,1.0,,2.0,1.0,2.0
SP-FE068,SP-FE068.pdf,26/06/2025,REC-25060115,1.0,,3.0,1.0,2.0
SP-FE068,SP-FE068.pdf,28/10/2025,ISS-68101252,,1.0,2.0,1.0,2.0
SP-FE068,SP-FE068.pdf,13/01/2026,ISS-69010036,,1.0,1.0,1.0,2.0
SP-FE068,SP-FE068.pdf,13/01/2026,ISS-69030270,,1.0,0.0,1.0,2.0
SP-FE068,SP-FE068.pdf,20/06/2026,REC-26060123,4.0,,4.0,1.0,2.0
SP-FE068,SP-FE068.pdf,20/06/2026,ISS-69060619,,0.0,4.0,1.0,2.0
SP-FE069,SP-FE069.pdf,25/03/2022,REC-22030033,2.0,,2.0,1.0,2.0
SP-FE069,SP-FE069.pdf,26/03/2022,ISS-65030286,,1.0,1.0,1.0,2.0
SP-FE069,SP-FE069.pdf,03/09/2022,ISS-65090894,,1.0,0.0,1.0,2.0
SP-FE069,SP-FE069.pdf,17/07/2023,REC-23070095,2.0,,2.0,1.0,2.0
SP-FE069,SP-FE069.pdf,10/05/2024,ISS-67050465,,1.0,1.0,1.0,2.0
SP-FE069,SP-FE069.pdf,15/05/2024,REC-24050065,1.0,,2.0,1.0,2.0
SP-FE069,SP-FE069.pdf,01/02/2025,ISS-68020104,,1.0,1.0,1.0,2.0
SP-FE070,SP-FE070.pdf,25/03/2022,REC-22030033,3.0,,3.0,1.0,3.0
SP-FE070,SP-FE070.pdf,02/06/2022,ISS-65060530,,1.0,2.0,1.0,3.0
SP-FE070,SP-FE070.pdf,12/07/2022,ISS-65070697,,1.0,1.0,1.0,3.0
SP-FE070,SP-FE070.pdf,08/02/2023,ISS-66020176,,1.0,0.0,1.0,3.0
SP-FE070,SP-FE070.pdf,17/07/2023,REC-23070095,1.0,,1.0,1.0,3.0
SP-FE070,SP-FE070.pdf,07/10/2024,REC-24100163,3.0,,4.0,1.0,3.0
SP-FE070,SP-FE070.pdf,18/11/2024,REC-24110193,1.0,,5.0,1.0,3.0
SP-FE070,SP-FE070.pdf,19/11/2024,ISS-67111323,,1.0,4.0,1.0,3.0
SP-FE070,SP-FE070.pdf,12/05/2025,ISS-68050523,,1.0,3.0,1.0,3.0
SP-FE070,SP-FE070.pdf,27/11/2025,ISS-68111361,,3.0,0.0,1.0,3.0
SP-FE070,SP-FE070.pdf,19/03/2026,REC-26030055,3.0,,3.0,1.0,3.0
SP-FE071,SP-FE071.pdf,07/05/2022,REC-22050047,1.0,,1.0,1.0,2.0
SP-FE071,SP-FE071.pdf,07/05/2022,REC-22050049,1.0,,2.0,1.0,2.0
SP-FE071,SP-FE071.pdf,10/05/2022,ISS-65050427,,1.0,1.0,1.0,2.0
SP-FE072,SP-FE072.pdf,17/07/2023,REC-23070095,1.0,,1.0,1.0,2.0
SP-FE073,SP-FE073.pdf,16/07/2024,REC-24070100,2.0,,2.0,0.0,2.0
SP-FE073,SP-FE073.pdf,14/11/2024,ISS-67111313,,1.0,1.0,0.0,2.0
SP-FE073,SP-FE073.pdf,17/01/2025,ISS-68010064,,1.0,0.0,0.0,2.0
SP-FE074,SP-FE074.pdf,16/07/2024,REC-24090154,4.0,,4.0,0.0,4.0
SP-FE075,SP-FE075.pdf,16/10/2024,REC-24100171,3.0,,3.0,0.0,2.0
SP-FE075,SP-FE075.pdf,17/10/2024,ISS-67101192,,2.0,1.0,0.0,2.0
SP-FE076,SP-FE076.pdf,18/11/2024,REC-24110193,1.0,,1.0,0.0,1.0
SP-FE076,SP-FE076.pdf,19/11/2024,ISS-67111323,,1.0,0.0,0.0,1.0
SP-FE076,SP-FE076.pdf,30/01/2026,REC-26010022,2.0,,2.0,0.0,1.0
SP-FE076,SP-FE076.pdf,07/03/2026,ISS-69030253,,1.0,1.0,0.0,1.0
SP-FE076,SP-FE076.pdf,26/05/2026,REC-26050101,1.0,,2.0,0.0,1.0
SP-FE076,SP-FE076.pdf,26/05/2026,ISS-69050516,,1.0,1.0,0.0,1.0
SP-FE076,SP-FE076.pdf,20/06/2026,REC-26060123,1.0,,2.0,0.0,1.0
SP-FE077,SP-FE077.pdf,20/11/2024,REC-24110201,2.0,,2.0,0.0,2.0
SP-FE077,SP-FE077.pdf,21/11/2024,ISS-67111332,,1.0,1.0,0.0,2.0
SP-FE077,SP-FE077.pdf,29/11/2024,ISS-67111372,,1.0,0.0,0.0,2.0
SP-FE077,SP-FE077.pdf,16/12/2024,REC-24120220,2.0,,2.0,0.0,2.0
SP-FE077,SP-FE077.pdf,25/02/2025,ISS-68020221,,1.0,1.0,0.0,2.0
SP-FE077,SP-FE077.pdf,26/03/2025,ISS-68030338,,1.0,0.0,0.0,2.0
SP-FE077,SP-FE077.pdf,09/04/2025,REC-25040045,3.0,,3.0,0.0,2.0
SP-FE077,SP-FE077.pdf,20/05/2025,ISS-68050583,,1.0,2.0,0.0,2.0
SP-FE077,SP-FE077.pdf,18/06/2025,ISS-68060738,,1.0,1.0,0.0,2.0
SP-FE077,SP-FE077.pdf,19/06/2025,ISS-68060740,,1.0,0.0,0.0,2.0
SP-FE077,SP-FE077.pdf,17/10/2025,REC-25100191,3.0,,3.0,0.0,2.0
SP-FE077,SP-FE077.pdf,22/11/2025,ISS-68111350,,1.0,2.0,0.0,2.0
SP-FE077,SP-FE077.pdf,13/03/2026,ISS-69030260,,1.0,1.0,0.0,2.0
SP-FE077,SP-FE077.pdf,30/04/2026,ISS-69040403,,1.0,0.0,0.0,2.0
SP-FE077,SP-FE077.pdf,14/07/2026,REC-26070141,4.0,,4.0,0.0,2.0
SP-FE077,SP-FE077.pdf,24/07/2026,ISS-69070736,,1.0,3.0,0.0,2.0
SP-FF001,SP-FF001.pdf,18/05/2020,REC-20050001,1.0,,1.0,2.0,8.0
SP-FF001,SP-FF001.pdf,01/06/2020,REC-20060043,10.0,,11.0,2.0,8.0
SP-FF001,SP-FF001.pdf,17/06/2020,ISS-63060086,,8.0,3.0,2.0,8.0
SP-FF001,SP-FF001.pdf,22/07/2020,ISS-63070220,,2.0,1.0,2.0,8.0
SP-FF001,SP-FF001.pdf,27/08/2020,REC-20080097,16.0,,17.0,2.0,8.0
SP-FF001,SP-FF001.pdf,28/08/2020,ISS-63080336,,16.0,1.0,2.0,8.0
SP-FF001,SP-FF001.pdf,12/10/2021,ISS-64100969,,1.0,0.0,2.0,8.0
SP-FF001,SP-FF001.pdf,21/11/2022,REC-22110160,4.0,,4.0,2.0,8.0
SP-FF001,SP-FF001.pdf,09/01/2023,ISS-66010030,,2.0,2.0,2.0,8.0
SP-FF001,SP-FF001.pdf,20/09/2023,ISS-66091002,,2.0,0.0,2.0,8.0
SP-FF001,SP-FF001.pdf,14/10/2023,REC-23100151,4.0,,4.0,2.0,8.0
SP-FF001,SP-FF001.pdf,10/11/2023,ISS-66111206,,2.0,2.0,2.0,8.0
SP-FF001,SP-FF001.pdf,27/11/2023,ISS-66111264,,2.0,0.0,2.0,8.0
SP-FF001,SP-FF001.pdf,02/01/2024,REC-24010001,2.0,,2.0,2.0,8.0
SP-FF001,SP-FF001.pdf,10/11/2025,ISS-68111299,,2.0,0.0,2.0,8.0
SP-FF001,SP-FF001.pdf,20/11/2025,REC-25110211,8.0,,8.0,2.0,8.0
SP-FF001,SP-FF001.pdf,24/02/2026,ISS-69020186,,2.0,6.0,2.0,8.0
SP-FF002,SP-FF002.pdf,18/05/2020,REC-20050001,6.0,,6.0,4.0,4.0
SP-FF002,SP-FF002.pdf,29/06/2020,ISS-63060127,,2.0,4.0,4.0,4.0
SP-FF002,SP-FF002.pdf,24/02/2021,ISS-64020203,,2.0,2.0,4.0,4.0
SP-FF002,SP-FF002.pdf,11/05/2021,ISS-64050476,,1.0,1.0,4.0,4.0
SP-FF002,SP-FF002.pdf,14/08/2021,ISS-64080754,,1.0,0.0,4.0,4.0
SP-FF002,SP-FF002.pdf,10/05/2022,REC-22050050,4.0,,4.0,4.0,4.0
SP-FF002,SP-FF002.pdf,10/05/2022,ISS-65050432,,2.0,2.0,4.0,4.0
SP-FF002,SP-FF002.pdf,17/06/2023,ISS-66060628,,2.0,0.0,4.0,4.0
SP-FF002,SP-FF002.pdf,29/07/2023,ISS-66070769,,2.0,-2.0,4.0,4.0
SP-FF002,SP-FF002.pdf,04/09/2023,REC-23090125,2.0,,0.0,4.0,4.0
SP-FF002,SP-FF002.pdf,22/02/2024,ISS-67020173,,2.0,-2.0,4.0,4.0
SP-FF002,SP-FF002.pdf,19/03/2024,REC-24030037,4.0,,2.0,4.0,4.0
SP-FF002,SP-FF002.pdf,24/10/2024,ISS-67101222,,1.0,1.0,4.0,4.0
SP-FF003,SP-FF003.pdf,18/05/2020,REC-20050001,6.0,,6.0,2.0,8.0
SP-FF003,SP-FF003.pdf,21/05/2021,ISS-64050527,,1.0,5.0,2.0,8.0
SP-FF003,SP-FF003.pdf,09/06/2022,ISS-65060560,,2.0,3.0,2.0,8.0
SP-FF003,SP-FF003.pdf,14/10/2022,ISS-68030297,,1.0,2.0,2.0,8.0
SP-FF003,SP-FF003.pdf,20/09/2023,ISS-68030298,,1.0,1.0,2.0,8.0
SP-FF003,SP-FF003.pdf,30/08/2024,ISS-68030299,,1.0,0.0,2.0,8.0
SP-FF003,SP-FF003.pdf,19/03/2025,REC-25030030,2.0,,2.0,2.0,8.0
SP-FF003,SP-FF003.pdf,20/03/2025,ISS-68030314,,1.0,1.0,2.0,8.0
SP-FF004,SP-FF004.pdf,18/05/2020,REC-20050001,2.0,,2.0,1.0,4.0
SP-FF004,SP-FF004.pdf,10/06/2026,ISS-69060579,,1.0,1.0,1.0,4.0
SP-FF005,SP-FF005.pdf,18/05/2020,REC-20050001,2.0,,2.0,1.0,4.0
SP-FF005,SP-FF005.pdf,18/02/2021,ISS-64020179,,2.0,0.0,1.0,4.0
SP-FF005,SP-FF005.pdf,12/03/2022,REC-22030029,4.0,,4.0,1.0,4.0
SP-FF005,SP-FF005.pdf,30/04/2022,ISS-65040395,,2.0,2.0,1.0,4.0
SP-FF005,SP-FF005.pdf,02/07/2022,ISS-65070665,,2.0,0.0,1.0,4.0
SP-FF005,SP-FF005.pdf,12/07/2022,REC-22070087,2.0,,2.0,1.0,4.0
SP-FF005,SP-FF005.pdf,22/08/2024,ISS-67080890,,2.0,0.0,1.0,4.0
SP-FF005,SP-FF005.pdf,25/09/2024,REC-24090151,2.0,,2.0,1.0,4.0
SP-FF005,SP-FF005.pdf,06/11/2024,ISS-67111280,,2.0,0.0,1.0,4.0
SP-FF005,SP-FF005.pdf,25/11/2024,REC-24110203,2.0,,2.0,1.0,4.0
SP-FF006,SP-FF006.pdf,18/05/2020,REC-20050001,2.0,,2.0,1.0,4.0
SP-FF006,SP-FF006.pdf,08/12/2023,ISS-66121297,,2.0,0.0,1.0,4.0
SP-FF006,SP-FF006.pdf,02/01/2024,REC-24010002,2.0,,2.0,1.0,4.0
SP-FF007,SP-FF007.pdf,18/05/2020,REC-20050001,4.0,,4.0,2.0,4.0
SP-FF007,SP-FF007.pdf,03/11/2025,ISS-68111280,,1.0,3.0,2.0,4.0
SP-FF008,SP-FF008.pdf,18/05/2020,REC-20050001,6.0,,6.0,2.0,4.0
SP-FF008,SP-FF008.pdf,04/01/2022,ISS-65010001,,1.0,5.0,2.0,4.0
SP-FF008,SP-FF008.pdf,02/02/2022,ISS-65020108,,1.0,4.0,2.0,4.0
SP-FF008,SP-FF008.pdf,13/12/2022,ISS-65121314,,1.0,3.0,2.0,4.0
SP-FF008,SP-FF008.pdf,14/10/2023,ISS-66101094,,2.0,1.0,2.0,4.0
SP-FF008,SP-FF008.pdf,29/05/2024,REC-24050075,6.0,,7.0,2.0,4.0
SP-FF008,SP-FF008.pdf,01/06/2024,ISS-67060555,,6.0,1.0,2.0,4.0
SP-FF008,SP-FF008.pdf,27/08/2024,REC-24080124,1.0,,2.0,2.0,4.0
SP-FF008,SP-FF008.pdf,13/11/2024,ISS-67111309,,2.0,0.0,2.0,4.0
SP-FF008,SP-FF008.pdf,20/11/2024,REC-24110196,4.0,,4.0,2.0,4.0
SP-FF008,SP-FF008.pdf,19/12/2024,ISS-67121468,,1.0,3.0,2.0,4.0
SP-FF008,SP-FF008.pdf,14/05/2025,ISS-68050540,,1.0,2.0,2.0,4.0
SP-FF009,SP-FF009.pdf,18/05/2020,REC-20050001,3.0,,3.0,2.0,4.0
SP-FF009,SP-FF009.pdf,30/05/2020,ISS-63050048,,2.0,1.0,2.0,4.0
SP-FF009,SP-FF009.pdf,19/06/2020,REC-20060050,4.0,,5.0,2.0,4.0
SP-FF009,SP-FF009.pdf,22/06/2020,,,2.0,3.0,2.0,4.0
SP-FF009,SP-FF009.pdf,07/12/2020,ISS-63120679,,2.0,1.0,2.0,4.0
SP-FF009,SP-FF009.pdf,14/12/2020,REC-20120160,4.0,,5.0,2.0,4.0
SP-FF009,SP-FF009.pdf,24/12/2020,ISS-63120755,,2.0,3.0,2.0,4.0
SP-FF009,SP-FF009.pdf,13/02/2021,ISS-64020166,,1.0,2.0,2.0,4.0
SP-FF009,SP-FF009.pdf,22/02/2021,REC-21020025,4.0,,6.0,2.0,4.0
SP-FF009,SP-FF009.pdf,09/03/2021,ISS-64030259,,2.0,4.0,2.0,4.0
SP-FF009,SP-FF009.pdf,17/03/2021,ISS-64030289,,2.0,2.0,2.0,4.0
SP-FF009,SP-FF009.pdf,09/04/2021,ISS-64040375,,2.0,0.0,2.0,4.0
SP-FF009,SP-FF009.pdf,22/04/2021,REC-21040097,2.0,,2.0,2.0,4.0
SP-FF009,SP-FF009.pdf,23/04/2021,ISS-64040408,,2.0,0.0,2.0,4.0
SP-FF009,SP-FF009.pdf,07/09/2021,REC-21090168,6.0,,6.0,2.0,4.0
SP-FF009,SP-FF009.pdf,08/09/2021,ISS-64090863,,2.0,4.0,2.0,4.0
SP-FF009,SP-FF009.pdf,13/09/2021,ISS-64090864,,2.0,2.0,2.0,4.0
SP-FF009,SP-FF009.pdf,20/09/2021,ISS-64090901,,1.0,1.0,2.0,4.0
SP-FF009,SP-FF009.pdf,09/10/2021,REC-21100180,6.0,,7.0,2.0,4.0
SP-FF009,SP-FF009.pdf,14/10/2021,ISS-64100973,,2.0,5.0,2.0,4.0
SP-FF009,SP-FF009.pdf,13/11/2021,ISS-64111103,,2.0,3.0,2.0,4.0
SP-FF009,SP-FF009.pdf,29/11/2021,ISS-64111152,,2.0,1.0,2.0,4.0
SP-FF009,SP-FF009.pdf,14/12/2021,ISS-64121196,,1.0,0.0,2.0,4.0
SP-FF009,SP-FF009.pdf,31/01/2022,REC-22020016,4.0,,4.0,2.0,4.0
SP-FF009,SP-FF009.pdf,02/02/2022,ISS-65020110,,2.0,2.0,2.0,4.0
SP-FF009,SP-FF009.pdf,08/02/2022,ISS-65020121,,2.0,0.0,2.0,4.0
SP-FF009,SP-FF009.pdf,03/05/2022,REC-22050044,4.0,,4.0,2.0,4.0
SP-FF009,SP-FF009.pdf,05/05/2022,ISS-65050410,,4.0,0.0,2.0,4.0
SP-FF009,SP-FF009.pdf,12/07/2022,REC-22070087,4.0,,4.0,2.0,4.0
SP-FF009,SP-FF009.pdf,19/08/2022,ISS-65080821,,2.0,2.0,2.0,4.0
SP-FF009,SP-FF009.pdf,16/12/2022,ISS-65121331,,2.0,0.0,2.0,4.0
SP-FF009,SP-FF009.pdf,14/01/2023,REC-23010006,6.0,,6.0,2.0,4.0
SP-FF009,SP-FF009.pdf,17/01/2023,ISS-66010065,,6.0,0.0,2.0,4.0
SP-FF009,SP-FF009.pdf,18/02/2023,REC-23020027,4.0,,4.0,2.0,4.0
SP-FF009,SP-FF009.pdf,01/06/2023,ISS-66060571,,2.0,2.0,2.0,4.0
SP-FF009,SP-FF009.pdf,31/07/2023,REC-23080111,6.0,,8.0,2.0,4.0
SP-FF009,SP-FF009.pdf,23/08/2023,ISS-66080856,,1.0,7.0,2.0,4.0
SP-FF009,SP-FF009.pdf,28/08/2023,ISS-66080877,,1.0,6.0,2.0,4.0
SP-FF009,SP-FF009.pdf,01/09/2023,ISS-66090909,,2.0,4.0,2.0,4.0
SP-FF009,SP-FF009.pdf,25/09/2023,ISS-66091013,,2.0,2.0,2.0,4.0
SP-FF009,SP-FF009.pdf,03/11/2023,ISS-66111172,,1.0,1.0,2.0,4.0
SP-FF009,SP-FF009.pdf,20/11/2023,REC-23110169,4.0,,5.0,2.0,4.0
SP-FF009,SP-FF009.pdf,23/11/2023,ISS-66111248,,1.0,4.0,2.0,4.0
SP-FF009,SP-FF009.pdf,27/11/2023,ISS-66111256,,2.0,2.0,2.0,4.0
SP-FF009,SP-FF009.pdf,25/12/2023,ISS-66121357,,2.0,0.0,2.0,4.0
SP-FF009,SP-FF009.pdf,31/01/2024,REC-24020013,2.0,,2.0,2.0,4.0
SP-FF009,SP-FF009.pdf,06/02/2024,ISS-67020121,,2.0,0.0,2.0,4.0
SP-FF009,SP-FF009.pdf,19/02/2024,REC-24020021,4.0,,4.0,2.0,4.0
SP-FF009,SP-FF009.pdf,05/03/2024,ISS-67030217,,2.0,2.0,2.0,4.0
SP-FF009,SP-FF009.pdf,22/03/2024,ISS-67030296,,2.0,0.0,2.0,4.0
SP-FF009,SP-FF009.pdf,07/05/2024,REC-24050056,4.0,,4.0,2.0,4.0
SP-FF009,SP-FF009.pdf,23/05/2024,ISS-67050534,,1.0,3.0,2.0,4.0
SP-FF009,SP-FF009.pdf,07/08/2024,ISS-67080825,,2.0,1.0,2.0,4.0
SP-FF009,SP-FF009.pdf,27/08/2024,REC-24080124,4.0,,5.0,2.0,4.0
SP-FF009,SP-FF009.pdf,05/09/2024,ISS-67090971,,2.0,3.0,2.0,4.0
SP-FF009,SP-FF009.pdf,06/09/2024,ISS-67090977,,1.0,2.0,2.0,4.0
SP-FF009,SP-FF009.pdf,11/09/2024,ISS-67091002,,1.0,1.0,2.0,4.0
SP-FF009,SP-FF009.pdf,17/09/2024,ISS-67091017,,1.0,0.0,2.0,4.0
SP-FF009,SP-FF009.pdf,25/09/2024,REC-24090151,4.0,,4.0,2.0,4.0
SP-FF009,SP-FF009.pdf,05/10/2024,ISS-67101123,,1.0,3.0,2.0,4.0
SP-FF009,SP-FF009.pdf,08/10/2024,ISS-67101143,,1.0,2.0,2.0,4.0
SP-FF009,SP-FF009.pdf,28/04/2025,ISS-68040470,,1.0,1.0,2.0,4.0
SP-FF009,SP-FF009.pdf,20/05/2025,ISS-68050586,,1.0,0.0,2.0,4.0
SP-FF009,SP-FF009.pdf,26/05/2025,REC-25050088,4.0,,4.0,2.0,4.0
SP-FF009,SP-FF009.pdf,03/06/2025,ISS-68060657,,4.0,0.0,2.0,4.0
SP-FF009,SP-FF009.pdf,17/07/2025,REC-25070134,2.0,,2.0,2.0,4.0
SP-FF009,SP-FF009.pdf,17/07/2025,ISS-68070863,,2.0,0.0,2.0,4.0
SP-FF009,SP-FF009.pdf,06/08/2025,REC-25080146,4.0,,4.0,2.0,4.0
SP-FF009,SP-FF009.pdf,08/08/2025,ISS-68080934,,2.0,2.0,2.0,4.0
SP-FF009,SP-FF009.pdf,08/08/2025,ISS-68080935,,2.0,0.0,2.0,4.0
SP-FF009,SP-FF009.pdf,23/08/2025,REC-25080152,4.0,,4.0,2.0,4.0
SP-FF009,SP-FF009.pdf,28/11/2025,ISS-68121424,,3.0,1.0,2.0,4.0
SP-FF009,SP-FF009.pdf,06/12/2025,ISS-68121408,,1.0,0.0,2.0,4.0
SP-FF009,SP-FF009.pdf,19/12/2025,REC-25120233,4.0,,4.0,2.0,4.0
SP-FF009,SP-FF009.pdf,16/01/2026,ISS-69010048,,2.0,2.0,2.0,4.0
SP-FF009,SP-FF009.pdf,27/01/2026,ISS-69010088,,2.0,0.0,2.0,4.0
SP-FF009,SP-FF009.pdf,20/03/2026,REC-26030057,4.0,,4.0,2.0,4.0
SP-FF009,SP-FF009.pdf,07/04/2026,ISS-69040359,,2.0,2.0,2.0,4.0
SP-FF009,SP-FF009.pdf,15/06/2026,ISS-69060603,,2.0,0.0,2.0,4.0
SP-FF009,SP-FF009.pdf,15/06/2026,ISS-69070664,,2.0,-2.0,2.0,4.0
SP-FF009,SP-FF009.pdf,06/07/2026,REC-26070134,4.0,,2.0,2.0,4.0
SP-FF009,SP-FF009.pdf,06/07/2026,ISS-69070665,,1.0,1.0,2.0,4.0
SP-FF010,SP-FF010.pdf,18/05/2020,REC-20050001,1.0,,1.0,0.0,4.0
SP-FF010,SP-FF010.pdf,05/09/2022,ISS-65090901,,1.0,0.0,0.0,4.0
SP-FF010,SP-FF010.pdf,20/07/2024,REC-24070102,1.0,,1.0,0.0,4.0
SP-FF010,SP-FF010.pdf,17/07/2025,REC-25070135,2.0,,3.0,0.0,4.0
SP-FF010,SP-FF010.pdf,17/07/2025,ISS-68070862,,2.0,1.0,0.0,4.0
SP-FF010,SP-FF010.pdf,22/01/2026,ISS-69010079,,1.0,0.0,0.0,4.0
SP-FF010,SP-FF010.pdf,20/03/2026,REC-26030057,2.0,,2.0,0.0,4.0
SP-FF012,SP-FF012.pdf,18/05/2020,REC-20050001,2.0,,2.0,4.0,8.0
SP-FF012,SP-FF012.pdf,02/06/2020,ISS-63060051,,2.0,0.0,4.0,8.0
SP-FF012,SP-FF012.pdf,30/01/2021,REC-21010016,4.0,,4.0,4.0,8.0
SP-FF012,SP-FF012.pdf,11/03/2021,ISS-64030268,,2.0,2.0,4.0,8.0
SP-FF012,SP-FF012.pdf,14/12/2021,ISS-64121199,,2.0,0.0,4.0,8.0
SP-FF012,SP-FF012.pdf,28/03/2022,REC-22030035,4.0,,4.0,4.0,8.0
SP-FF012,SP-FF012.pdf,28/06/2022,ISS-65060632,,2.0,2.0,4.0,8.0
SP-FF012,SP-FF012.pdf,14/10/2023,ISS-66101093,,2.0,0.0,4.0,8.0
SP-FF012,SP-FF012.pdf,20/11/2023,REC-23110169,2.0,,2.0,4.0,8.0
SP-FF012,SP-FF012.pdf,24/11/2023,ISS-66111251,,2.0,0.0,4.0,8.0
SP-FF012,SP-FF012.pdf,31/01/2024,REC-24020013,2.0,,2.0,4.0,8.0
SP-FF012,SP-FF012.pdf,08/07/2025,ISS-68070813,,2.0,0.0,4.0,8.0
SP-FF012,SP-FF012.pdf,11/08/2025,REC-25080147,4.0,,4.0,4.0,8.0
SP-FF012,SP-FF012.pdf,25/07/2026,ISS-69070741,,2.0,2.0,4.0,8.0
SP-FF013,SP-FF013.pdf,18/05/2020,REC-20050001,5.0,,5.0,4.0,8.0
SP-FF013,SP-FF013.pdf,18/01/2021,ISS-64010072,,1.0,4.0,4.0,8.0
SP-FF013,SP-FF013.pdf,27/03/2021,ISS-64030327,,1.0,3.0,4.0,8.0
SP-FF013,SP-FF013.pdf,06/04/2021,ISS-64040357,,1.0,2.0,4.0,8.0
SP-FF013,SP-FF013.pdf,18/08/2021,ISS-64080769,,1.0,1.0,4.0,8.0
SP-FF013,SP-FF013.pdf,30/08/2021,REC-21080163,6.0,,7.0,4.0,8.0
SP-FF013,SP-FF013.pdf,02/09/2021,ISS-64090823,,4.0,3.0,4.0,8.0
SP-FF013,SP-FF013.pdf,19/11/2021,ISS-64111122,,1.0,2.0,4.0,8.0
SP-FF013,SP-FF013.pdf,28/06/2022,ISS-65060635,,1.0,1.0,4.0,8.0
SP-FF013,SP-FF013.pdf,12/07/2022,REC-22070087,4.0,,5.0,4.0,8.0
SP-FF013,SP-FF013.pdf,03/12/2022,ISS-65121271,,1.0,4.0,4.0,8.0
SP-FF013,SP-FF013.pdf,17/05/2023,ISS-66050518,,1.0,3.0,4.0,8.0
SP-FF013,SP-FF013.pdf,23/10/2023,ISS-66101126,,2.0,1.0,4.0,8.0
SP-FF013,SP-FF013.pdf,20/11/2023,REC-23110169,2.0,,3.0,4.0,8.0
SP-FF013,SP-FF013.pdf,23/11/2023,ISS-66111245,,2.0,1.0,4.0,8.0
SP-FF013,SP-FF013.pdf,31/01/2024,REC-24020013,2.0,,3.0,4.0,8.0
SP-FF013,SP-FF013.pdf,27/03/2024,ISS-67030316,,1.0,2.0,4.0,8.0
SP-FF013,SP-FF013.pdf,06/11/2024,ISS-67111280,,2.0,0.0,4.0,8.0
SP-FF013,SP-FF013.pdf,20/11/2024,REC-24110196,2.0,,2.0,4.0,8.0
SP-FF013,SP-FF013.pdf,26/05/2025,ISS-68050608,,1.0,1.0,4.0,8.0
SP-FF013,SP-FF013.pdf,26/05/2025,ISS-68050609,,1.0,0.0,4.0,8.0
SP-FF013,SP-FF013.pdf,16/06/2025,REC-25060103,4.0,,4.0,4.0,8.0
SP-FF013,SP-FF013.pdf,09/07/2025,ISS-68070819,,2.0,2.0,4.0,8.0
SP-FF013,SP-FF013.pdf,03/12/2025,ISS-68121395,,2.0,0.0,4.0,8.0
SP-FF013,SP-FF013.pdf,20/03/2026,REC-26030057,4.0,,4.0,4.0,8.0
SP-FF014,SP-FF014.pdf,18/05/2020,REC-20050001,4.0,,4.0,2.0,4.0
SP-FF014,SP-FF014.pdf,14/08/2021,ISS-64080755,,2.0,2.0,2.0,4.0
SP-FF014,SP-FF014.pdf,28/06/2022,ISS-65060635,,2.0,0.0,2.0,4.0
SP-FF014,SP-FF014.pdf,12/07/2022,REC-22070087,4.0,,4.0,2.0,4.0
SP-FF014,SP-FF014.pdf,10/03/2026,ISS-69030246,,2.0,2.0,2.0,4.0
SP-FF014,SP-FF014.pdf,20/06/2026,ISS-69060621,,2.0,0.0,2.0,4.0
SP-FF014,SP-FF014.pdf,07/07/2026,REC-26070135,4.0,,4.0,2.0,4.0
SP-FF015,SP-FF015.pdf,18/05/2020,REC-20050001,12.0,,12.0,2.0,4.0
SP-FF015,SP-FF015.pdf,26/01/2021,ISS-64010111,,4.0,8.0,2.0,4.0
SP-FF015,SP-FF015.pdf,20/04/2021,ISS-64040395,,2.0,6.0,2.0,4.0
SP-FF015,SP-FF015.pdf,27/06/2022,ISS-65060629,,2.0,4.0,2.0,4.0
SP-FF015,SP-FF015.pdf,30/01/2023,ISS-66010112,,2.0,2.0,2.0,4.0
SP-FF015,SP-FF015.pdf,31/08/2023,ISS-66080903,,2.0,0.0,2.0,4.0
SP-FF015,SP-FF015.pdf,18/09/2023,REC-23090131,2.0,,2.0,2.0,4.0
SP-FF015,SP-FF015.pdf,25/09/2023,ISS-66091016,,2.0,0.0,2.0,4.0
SP-FF015,SP-FF015.pdf,10/01/2024,REC-24010008,2.0,,2.0,2.0,4.0
SP-FF015,SP-FF015.pdf,20/02/2024,ISS-67020165,,2.0,0.0,2.0,4.0
SP-FF015,SP-FF015.pdf,19/03/2024,REC-24030037,2.0,,2.0,2.0,4.0
SP-FF016,SP-FF016.pdf,18/05/2020,REC-20050001,8.0,,8.0,4.0,8.0
SP-FF016,SP-FF016.pdf,23/07/2020,ISS-63070226,,4.0,4.0,4.0,8.0
SP-FF016,SP-FF016.pdf,04/09/2020,ISS-63090359,,1.0,3.0,4.0,8.0
SP-FF016,SP-FF016.pdf,19/02/2021,ISS-64020185,,2.0,1.0,4.0,8.0
SP-FF016,SP-FF016.pdf,21/12/2021,ISS-64121232,,1.0,0.0,4.0,8.0
SP-FF016,SP-FF016.pdf,21/11/2022,REC-22110160,4.0,,4.0,4.0,8.0
SP-FF016,SP-FF016.pdf,10/04/2024,ISS-67040376,,4.0,0.0,4.0,8.0
SP-FF016,SP-FF016.pdf,22/05/2024,REC-24050069,4.0,,4.0,4.0,8.0
SP-FF016,SP-FF016.pdf,14/07/2025,ISS-68070844,,2.0,2.0,4.0,8.0
SP-FF016,SP-FF016.pdf,19/11/2025,ISS-68111336,,2.0,0.0,4.0,8.0
SP-FF016,SP-FF016.pdf,19/12/2025,REC-25120233,4.0,,4.0,4.0,8.0
SP-FF016,SP-FF016.pdf,27/03/2026,ISS-69030326,,4.0,0.0,4.0,8.0
SP-FF016,SP-FF016.pdf,24/04/2026,REC-26040068,4.0,,4.0,4.0,8.0
SP-FF016,SP-FF016.pdf,29/06/2026,ISS-69060645,,0.0,4.0,4.0,8.0
SP-FF017,SP-FF017.pdf,18/05/2020,REC-20050001,2.0,,2.0,2.0,4.0
SP-FF017,SP-FF017.pdf,01/11/2025,ISS-68111275,,2.0,0.0,2.0,4.0
SP-FF017,SP-FF017.pdf,20/11/2025,REC-25110211,2.0,,2.0,2.0,4.0
SP-FF018,SP-FF018.pdf,24/06/2020,REC-20060056,12.0,,12.0,2.0,4.0
SP-FF018,SP-FF018.pdf,24/06/2020,ISS-63060107,,4.0,8.0,2.0,4.0
SP-FF018,SP-FF018.pdf,20/10/2020,ISS-63100492,,8.0,0.0,2.0,4.0
SP-FF018,SP-FF018.pdf,30/01/2021,REC-21010016,4.0,,4.0,2.0,4.0
SP-FF018,SP-FF018.pdf,07/07/2022,ISS-65070678,,4.0,0.0,2.0,4.0
SP-FF018,SP-FF018.pdf,21/11/2022,REC-22110160,4.0,,4.0,2.0,4.0
SP-FF018,SP-FF018.pdf,27/04/2023,ISS-66040462,,2.0,2.0,2.0,4.0
SP-FF018,SP-FF018.pdf,19/02/2024,ISS-67020161,,2.0,0.0,2.0,4.0
SP-FF018,SP-FF018.pdf,22/05/2024,REC-24050069,2.0,,2.0,2.0,4.0
SP-FF018,SP-FF018.pdf,09/08/2024,ISS-67080838,,2.0,0.0,2.0,4.0
SP-FF018,SP-FF018.pdf,27/08/2024,REC-24080124,2.0,,2.0,2.0,4.0
SP-FF018,SP-FF018.pdf,09/09/2024,ISS-67090987,,2.0,0.0,2.0,4.0
SP-FF018,SP-FF018.pdf,25/09/2024,REC-24090151,4.0,,4.0,2.0,4.0
SP-FF018,SP-FF018.pdf,11/11/2024,ISS-67111301,,1.0,3.0,2.0,4.0
SP-FF018,SP-FF018.pdf,28/11/2024,ISS-67111370,,3.0,0.0,2.0,4.0
SP-FF018,SP-FF018.pdf,07/12/2024,REC-24120214,4.0,,4.0,2.0,4.0
SP-FF018,SP-FF018.pdf,21/03/2025,ISS-68030319,,4.0,0.0,2.0,4.0
SP-FF018,SP-FF018.pdf,16/06/2025,REC-25060103,4.0,,4.0,2.0,4.0
SP-FF019,SP-FF019.pdf,18/05/2020,REC-20050001,2.0,,2.0,2.0,4.0
SP-FF019,SP-FF019.pdf,21/01/2022,ISS-65010079,,2.0,0.0,2.0,4.0
SP-FF019,SP-FF019.pdf,14/10/2023,REC-23100152,2.0,,2.0,2.0,4.0
SP-FF019,SP-FF019.pdf,02/01/2024,ISS-67010003,,2.0,0.0,2.0,4.0
SP-FF019,SP-FF019.pdf,31/01/2024,REC-24020013,2.0,,2.0,2.0,4.0
SP-FF019,SP-FF019.pdf,20/11/2024,ISS-67111329,,2.0,0.0,2.0,4.0
SP-FF019,SP-FF019.pdf,06/12/2024,REC-24120215,2.0,,2.0,2.0,4.0
SP-FF019,SP-FF019.pdf,06/12/2024,ISS-67121420,,2.0,0.0,2.0,4.0
SP-FF019,SP-FF019.pdf,14/12/2024,REC-24120218,2.0,,2.0,2.0,4.0
SP-FF019,SP-FF019.pdf,02/02/2026,ISS-69020120,,2.0,0.0,2.0,4.0
SP-FF019,SP-FF019.pdf,21/02/2026,REC-26020030,2.0,,2.0,2.0,4.0
SP-FF020,SP-FF020.pdf,18/05/2020,REC-20050001,3.0,,3.0,2.0,4.0
SP-FF021,SP-FF021.pdf,18/05/2020,REC-20050001,2.0,,2.0,4.0,8.0
SP-FF021,SP-FF021.pdf,07/07/2023,ISS-66070697,,1.0,1.0,4.0,8.0
SP-FF021,SP-FF021.pdf,19/10/2023,ISS-66101115,,1.0,0.0,4.0,8.0
SP-FF021,SP-FF021.pdf,19/03/2024,REC-24030037,2.0,,2.0,4.0,8.0
SP-FF021,SP-FF021.pdf,13/06/2025,ISS-68060708,,1.0,1.0,4.0,8.0
SP-FF022,SP-FF022.pdf,18/05/2020,REC-20050001,3.0,,3.0,2.0,4.0
SP-FF022,SP-FF022.pdf,10/09/2020,ISS-63090378,,1.0,2.0,2.0,4.0
SP-FF022,SP-FF022.pdf,10/09/2020,ISS-63090380,,1.0,1.0,2.0,4.0
SP-FF022,SP-FF022.pdf,11/09/2020,REC-20090102,2.0,,3.0,2.0,4.0
SP-FF022,SP-FF022.pdf,29/04/2021,ISS-64040429,,2.0,1.0,2.0,4.0
SP-FF022,SP-FF022.pdf,14/06/2021,ISS-64060607,,1.0,0.0,2.0,4.0
SP-FF022,SP-FF022.pdf,26/07/2021,REC-21070148,2.0,,2.0,2.0,4.0
SP-FF022,SP-FF022.pdf,21/02/2024,ISS-67020168,,2.0,0.0,2.0,4.0
SP-FF022,SP-FF022.pdf,07/05/2024,REC-24050056,2.0,,2.0,2.0,4.0
SP-FF023,SP-FF023.pdf,18/05/2020,REC-20050001,20.0,,20.0,10.0,20.0
SP-FF023,SP-FF023.pdf,27/08/2022,ISS-65080874,,2.0,18.0,10.0,20.0
SP-FF024,SP-FF024.pdf,18/05/2020,REC-20050001,4.0,,4.0,2.0,4.0
SP-FF024,SP-FF024.pdf,28/08/2023,ISS-66080885,,1.0,3.0,2.0,4.0
SP-FF025,SP-FF025.pdf,18/05/2020,REC-20050001,3.0,,3.0,2.0,4.0
SP-FF026,SP-FF026.pdf,18/05/2020,REC-20050001,1.0,,1.0,2.0,4.0
SP-FF026,SP-FF026.pdf,08/09/2021,ISS-64090838,,1.0,0.0,2.0,4.0
SP-FF026,SP-FF026.pdf,05/07/2024,REC-24070093,2.0,,2.0,2.0,4.0
SP-FF026,SP-FF026.pdf,07/07/2025,ISS-68070808,,2.0,0.0,2.0,4.0
SP-FF026,SP-FF026.pdf,06/08/2025,REC-25080146,4.0,,4.0,2.0,4.0
SP-FF026,SP-FF026.pdf,01/09/2025,ISS-68091009,,1.0,3.0,2.0,4.0
SP-FF027,SP-FF027.pdf,22/10/2020,REC-20100129,4.0,,4.0,2.0,4.0
SP-FF027,SP-FF027.pdf,23/10/2020,ISS-63100508,,2.0,2.0,2.0,4.0
SP-FF027,SP-FF027.pdf,19/05/2022,ISS-65050481,,2.0,0.0,2.0,4.0
SP-FF027,SP-FF027.pdf,22/06/2022,REC-22060076,4.0,,4.0,2.0,4.0
SP-FF027,SP-FF027.pdf,17/11/2022,ISS-65111203,,1.0,3.0,2.0,4.0
SP-FF027,SP-FF027.pdf,23/01/2025,ISS-68010081,,2.0,1.0,2.0,4.0
SP-FF027,SP-FF027.pdf,18/02/2025,REC-25020015,2.0,,3.0,2.0,4.0
SP-FF027,SP-FF027.pdf,18/02/2025,ISS-68020185,,1.0,2.0,2.0,4.0
SP-FF027,SP-FF027.pdf,04/04/2025,ISS-68040373,,2.0,0.0,2.0,4.0
SP-FF027,SP-FF027.pdf,09/04/2025,ISS-68040436,,2.0,-2.0,2.0,4.0
SP-FF027,SP-FF027.pdf,26/04/2025,REC-25040063,2.0,,0.0,2.0,4.0
SP-FF027,SP-FF027.pdf,26/06/2025,REC-25060115,2.0,,2.0,2.0,4.0
SP-FF027,SP-FF027.pdf,03/12/2025,ISS-68121396,,1.0,1.0,2.0,4.0
SP-FF027,SP-FF027.pdf,19/12/2025,REC-25120233,2.0,,3.0,2.0,4.0
SP-FF027,SP-FF027.pdf,10/01/2026,ISS-69010028,,2.0,1.0,2.0,4.0
SP-FF027,SP-FF027.pdf,11/02/2026,ISS-69020155,,1.0,0.0,2.0,4.0
SP-FF027,SP-FF027.pdf,13/03/2026,REC-26030048,2.0,,2.0,2.0,4.0
SP-FF027,SP-FF027.pdf,14/03/2026,REC-26030051,2.0,,4.0,2.0,4.0
SP-FF027,SP-FF027.pdf,14/03/2026,REC-26050092,2.0,,6.0,2.0,4.0
SP-FF027,SP-FF027.pdf,12/05/2026,ISS-69050466,,2.0,4.0,2.0,4.0
SP-FF028,SP-FF028.pdf,22/10/2020,REC-20100129,2.0,,2.0,0.0,2.0
SP-FF028,SP-FF028.pdf,23/10/2020,ISS-63100508,,2.0,0.0,0.0,2.0
SP-FF028,SP-FF028.pdf,22/06/2022,REC-22060076,4.0,,4.0,0.0,2.0
SP-FF028,SP-FF028.pdf,06/04/2023,ISS-66040405,,2.0,2.0,0.0,2.0
SP-FF028,SP-FF028.pdf,23/10/2024,ISS-67101217,,2.0,0.0,0.0,2.0
SP-FF028,SP-FF028.pdf,14/12/2024,REC-24120218,2.0,,2.0,0.0,2.0
SP-FF028,SP-FF028.pdf,24/01/2025,ISS-68010090,,1.0,1.0,0.0,2.0
SP-FF028,SP-FF028.pdf,07/02/2025,ISS-68020140,,1.0,0.0,0.0,2.0
SP-FF028,SP-FF028.pdf,18/02/2025,REC-25020015,2.0,,2.0,0.0,2.0
SP-FF028,SP-FF028.pdf,27/03/2025,ISS-68030345,,2.0,0.0,0.0,2.0
SP-FF028,SP-FF028.pdf,09/04/2025,REC-25040046,2.0,,2.0,0.0,2.0
SP-FF028,SP-FF028.pdf,09/04/2025,ISS-68040398,,2.0,0.0,0.0,2.0
SP-FF028,SP-FF028.pdf,26/04/2025,REC-25040063,2.0,,2.0,0.0,2.0
SP-FF028,SP-FF028.pdf,19/12/2025,REC-25120233,4.0,,6.0,0.0,2.0
SP-FF028,SP-FF028.pdf,19/12/2025,ISS-69050476,,4.0,2.0,0.0,2.0
SP-FF028,SP-FF028.pdf,11/02/2026,ISS-69020155,,1.0,1.0,0.0,2.0
SP-FF028,SP-FF028.pdf,12/05/2026,ISS-69050477,,1.0,0.0,0.0,2.0
SP-FF028,SP-FF028.pdf,18/05/2026,REC-26050099,4.0,,4.0,0.0,2.0
SP-FF029,SP-FF029.pdf,06/03/2021,REC-21030038,4.0,,4.0,0.0,1.0
SP-FF029,SP-FF029.pdf,31/03/2023,ISS-66030382,,3.0,1.0,0.0,1.0
SP-FF029,SP-FF029.pdf,31/08/2023,ISS-66080903,,1.0,0.0,0.0,1.0
SP-FF029,SP-FF029.pdf,18/09/2023,REC-23090128,2.0,,2.0,0.0,1.0
SP-FF029,SP-FF029.pdf,19/09/2023,ISS-66090996,,2.0,0.0,0.0,1.0
SP-FF029,SP-FF029.pdf,02/01/2024,REC-24010004,4.0,,4.0,0.0,1.0
SP-FF029,SP-FF029.pdf,17/04/2024,ISS-67040386,,3.0,1.0,0.0,1.0
SP-FF029,SP-FF029.pdf,10/05/2024,ISS-67050464,,1.0,0.0,0.0,1.0
SP-FF029,SP-FF029.pdf,10/06/2024,REC-24060078,4.0,,4.0,0.0,1.0
SP-FF029,SP-FF029.pdf,29/10/2024,ISS-67101243,,3.0,1.0,0.0,1.0
SP-FF029,SP-FF029.pdf,07/12/2024,REC-24120214,2.0,,3.0,0.0,1.0
SP-FF030,SP-FF030.pdf,10/01/2022,REC-22010005,4.0,,4.0,2.0,4.0
SP-FF031,SP-FF031.pdf,12/03/2022,REC-22030029,4.0,,4.0,2.0,4.0
SP-FF031,SP-FF031.pdf,18/09/2023,ISS-66090991,,2.0,2.0,2.0,4.0
SP-FF031,SP-FF031.pdf,09/03/2026,ISS-69030239,,2.0,0.0,2.0,4.0
SP-FF031,SP-FF031.pdf,24/04/2026,REC-26040068,4.0,,4.0,2.0,4.0
SP-FF032,SP-FF032.pdf,18/02/2023,REC-23020027,2.0,,2.0,1.0,2.0
SP-FF032,SP-FF032.pdf,20/02/2023,ISS-66020222,,1.0,1.0,1.0,2.0
SP-FF032,SP-FF032.pdf,26/02/2025,REC-25020021,2.0,,3.0,1.0,2.0
SP-FF032,SP-FF032.pdf,27/02/2025,ISS-68020224,,2.0,1.0,1.0,2.0
SP-FF032,SP-FF032.pdf,17/07/2026,ISS-69070712,,1.0,0.0,1.0,2.0
SP-FF032,SP-FF032.pdf,20/07/2026,REC-26070147,5.0,,5.0,1.0,2.0
SP-FF032,SP-FF032.pdf,20/07/2026,ISS-69070725,,1.0,4.0,1.0,2.0
SP-FF033,SP-FF033.pdf,20/07/2026,REC-26070148,3.0,,3.0,1.0,3.0
SP-FF033,SP-FF033.pdf,20/07/2026,ISS-69070726,,1.0,2.0,1.0,3.0
SP-FG002,SP-FG002.pdf,18/05/2020,REC-20050001,3.0,,3.0,1.0,3.0
SP-FG003,SP-FG003.pdf,18/05/2020,REC-20050001,4.0,,4.0,3.0,6.0
SP-FG003,SP-FG003.pdf,25/10/2021,REC-21100184,6.0,,10.0,3.0,6.0
SP-FG004,SP-FG004.pdf,18/05/2020,REC-20050001,5.0,,5.0,2.0,4.0
SP-FG004,SP-FG004.pdf,04/11/2020,ISS-63110547,,2.0,3.0,2.0,4.0
SP-FG004,SP-FG004.pdf,04/08/2023,ISS-66080790,,1.0,2.0,2.0,4.0
SP-FG004,SP-FG004.pdf,09/01/2025,ISS-68010038,,2.0,0.0,2.0,4.0
SP-FG005,SP-FG005.pdf,18/05/2020,REC-20050001,4.0,,4.0,2.0,8.0
SP-FG005,SP-FG005.pdf,16/12/2020,REC-20120161,3.0,,7.0,2.0,8.0
SP-FG005,SP-FG005.pdf,07/05/2021,ISS-64050453,,1.0,6.0,2.0,8.0
SP-FG005,SP-FG005.pdf,25/03/2022,ISS-65030281,,4.0,2.0,2.0,8.0
SP-FG005,SP-FG005.pdf,26/05/2022,ISS-65050503,,1.0,1.0,2.0,8.0
SP-FG005,SP-FG005.pdf,02/06/2022,ISS-65060533,,1.0,0.0,2.0,8.0
SP-FG005,SP-FG005.pdf,14/12/2024,REC-24120218,10.0,,10.0,2.0,8.0
SP-FG005,SP-FG005.pdf,25/12/2024,ISS-68080928,,1.0,9.0,2.0,8.0
SP-FG005,SP-FG005.pdf,17/02/2025,ISS-68020181,,1.0,8.0,2.0,8.0
SP-FG005,SP-FG005.pdf,13/05/2025,ISS-68080929,,1.0,7.0,2.0,8.0
SP-FG005,SP-FG005.pdf,20/06/2025,ISS-68060748,,1.0,6.0,2.0,8.0
SP-FG005,SP-FG005.pdf,21/07/2025,ISS-68070877,,1.0,5.0,2.0,8.0
SP-FG005,SP-FG005.pdf,06/08/2025,ISS-68080927,,4.0,1.0,2.0,8.0
SP-FG005,SP-FG005.pdf,11/08/2025,REC-25080147,10.0,,11.0,2.0,8.0
SP-FG005,SP-FG005.pdf,27/08/2025,ISS-68080992,,4.0,7.0,2.0,8.0
SP-FG005,SP-FG005.pdf,25/09/2025,ISS-68091107,,2.0,5.0,2.0,8.0
SP-FG005,SP-FG005.pdf,30/09/2025,ISS-68091126,,2.0,3.0,2.0,8.0
SP-FG005,SP-FG005.pdf,02/10/2025,REC-25100180,10.0,,13.0,2.0,8.0
SP-FG005,SP-FG005.pdf,08/10/2025,ISS-68101158,,1.0,12.0,2.0,8.0
SP-FG005,SP-FG005.pdf,05/11/2025,ISS-68111286,,4.0,8.0,2.0,8.0
SP-FG005,SP-FG005.pdf,12/11/2025,ISS-68121473,,2.0,6.0,2.0,8.0
SP-FG005,SP-FG005.pdf,19/12/2025,ISS-68121472,,4.0,2.0,2.0,8.0
SP-FG005,SP-FG005.pdf,12/01/2026,REC-26010005,10.0,,12.0,2.0,8.0
SP-FG005,SP-FG005.pdf,11/02/2026,ISS-69020194,,8.0,4.0,2.0,8.0
SP-FG006,SP-FG006.pdf,18/05/2020,REC-20050001,5.0,,5.0,2.0,5.0
SP-FG006,SP-FG006.pdf,13/01/2021,ISS-64010053,,1.0,4.0,2.0,5.0
SP-FG006,SP-FG006.pdf,25/08/2021,ISS-64080793,,1.0,3.0,2.0,5.0
SP-FG006,SP-FG006.pdf,22/06/2022,ISS-65060618,,1.0,2.0,2.0,5.0
SP-FG007,SP-FG007.pdf,18/05/2020,REC-20050001,4.0,,4.0,1.0,3.0
SP-FG008,SP-FG008.pdf,18/05/2020,REC-20050001,5.0,,5.0,1.0,3.0
SP-FG008,SP-FG008.pdf,05/06/2025,ISS-68060674,,1.0,4.0,1.0,3.0
SP-FG009,SP-FG009.pdf,18/05/2020,REC-20050001,15.0,,15.0,4.0,8.0
SP-FG010,SP-FG010.pdf,18/05/2020,REC-20050001,8.0,,8.0,4.0,10.0
SP-FG010,SP-FG010.pdf,03/06/2020,ISS-63060057,,1.0,7.0,4.0,10.0
SP-FG010,SP-FG010.pdf,26/06/2020,ISS-63060116,,1.0,6.0,4.0,10.0
SP-FG010,SP-FG010.pdf,17/07/2020,ISS-63070206,,1.0,5.0,4.0,10.0
SP-FG010,SP-FG010.pdf,08/09/2020,ISS-63090367,,2.0,3.0,4.0,10.0
SP-FG010,SP-FG010.pdf,09/09/2020,ISS-63090369,,2.0,1.0,4.0,10.0
SP-FG010,SP-FG010.pdf,13/11/2021,ISS-64111102,,1.0,0.0,4.0,10.0
SP-FG010,SP-FG010.pdf,06/01/2022,REC-22010001,20.0,,20.0,4.0,10.0
SP-FG010,SP-FG010.pdf,07/01/2022,ISS-65010024,,1.0,19.0,4.0,10.0
SP-FG010,SP-FG010.pdf,25/01/2022,ISS-65010093,,1.0,18.0,4.0,10.0
SP-FG010,SP-FG010.pdf,10/02/2022,ISS-65020133,,2.0,16.0,4.0,10.0
SP-FG010,SP-FG010.pdf,14/06/2022,ISS-65060590,,1.0,15.0,4.0,10.0
SP-FG010,SP-FG010.pdf,15/06/2022,ISS-65060594,,1.0,14.0,4.0,10.0
SP-FG010,SP-FG010.pdf,30/01/2023,ISS-66010110,,2.0,12.0,4.0,10.0
SP-FG010,SP-FG010.pdf,05/03/2026,ISS-69030226,,1.0,11.0,4.0,10.0
SP-FG011,SP-FG011.pdf,18/05/2020,REC-20050001,13.0,,13.0,4.0,10.0
SP-FG011,SP-FG011.pdf,04/08/2020,ISS-63080250,,1.0,12.0,4.0,10.0
SP-FG011,SP-FG011.pdf,23/07/2021,ISS-64070687,,1.0,11.0,4.0,10.0
SP-FG011,SP-FG011.pdf,12/10/2021,ISS-64100971,,2.0,9.0,4.0,10.0
SP-FG011,SP-FG011.pdf,11/02/2022,ISS-65020134,,1.0,8.0,4.0,10.0
SP-FG011,SP-FG011.pdf,11/03/2022,ISS-65030231,,1.0,7.0,4.0,10.0
SP-FG011,SP-FG011.pdf,17/05/2022,ISS-65050471,,1.0,6.0,4.0,10.0
SP-FG011,SP-FG011.pdf,02/06/2022,ISS-65060529,,1.0,5.0,4.0,10.0
SP-FG011,SP-FG011.pdf,11/08/2023,ISS-66080809,,1.0,4.0,4.0,10.0
SP-FG011,SP-FG011.pdf,28/10/2023,ISS-66101148,,1.0,3.0,4.0,10.0
SP-FG011,SP-FG011.pdf,21/05/2024,ISS-67050514,,1.0,2.0,4.0,10.0
SP-FG011,SP-FG011.pdf,10/06/2024,ISS-68091018,,1.0,1.0,4.0,10.0
SP-FG011,SP-FG011.pdf,08/11/2024,ISS-67111291,,1.0,0.0,4.0,10.0
SP-FG011,SP-FG011.pdf,19/03/2026,REC-26030055,6.0,,6.0,4.0,10.0
SP-FG012,SP-FG012.pdf,18/05/2020,REC-20050001,1.0,,1.0,4.0,10.0
SP-FG012,SP-FG012.pdf,12/06/2020,REC-20060045,10.0,,11.0,4.0,10.0
SP-FG012,SP-FG012.pdf,12/06/2020,ISS-63060078,,1.0,10.0,4.0,10.0
SP-FG012,SP-FG012.pdf,22/09/2020,ISS-63090411,,1.0,9.0,4.0,10.0
SP-FG012,SP-FG012.pdf,02/04/2021,REC-21040058,7.0,,16.0,4.0,10.0
SP-FG012,SP-FG012.pdf,15/05/2021,ISS-64050488,,2.0,14.0,4.0,10.0
SP-FG012,SP-FG012.pdf,04/06/2021,ISS-64060570,,1.0,13.0,4.0,10.0
SP-FG012,SP-FG012.pdf,09/09/2021,ISS-64090842,,1.0,12.0,4.0,10.0
SP-FG012,SP-FG012.pdf,18/11/2022,ISS-65111204,,1.0,11.0,4.0,10.0
SP-FG012,SP-FG012.pdf,17/08/2023,ISS-66080827,,1.0,10.0,4.0,10.0
SP-FG012,SP-FG012.pdf,12/09/2023,ISS-66090955,,10.0,0.0,4.0,10.0
SP-FG012,SP-FG012.pdf,03/12/2024,REC-24120208,9.0,,9.0,4.0,10.0
SP-FG012,SP-FG012.pdf,05/03/2025,REC-25030025,10.0,,19.0,4.0,10.0
SP-FG013,SP-FG013.pdf,18/05/2020,REC-20050001,4.0,,4.0,4.0,10.0
SP-FG013,SP-FG013.pdf,12/06/2020,REC-20060045,10.0,,14.0,4.0,10.0
SP-FG013,SP-FG013.pdf,12/06/2020,ISS-63060078,,1.0,13.0,4.0,10.0
SP-FG013,SP-FG013.pdf,22/09/2020,ISS-63090411,,1.0,12.0,4.0,10.0
SP-FG013,SP-FG013.pdf,02/04/2021,REC-21040057,2.0,,14.0,4.0,10.0
SP-FG013,SP-FG013.pdf,15/05/2021,ISS-64050488,,2.0,12.0,4.0,10.0
SP-FG013,SP-FG013.pdf,04/06/2021,ISS-64060570,,1.0,11.0,4.0,10.0
SP-FG013,SP-FG013.pdf,09/09/2021,ISS-64090842,,1.0,10.0,4.0,10.0
SP-FG013,SP-FG013.pdf,18/11/2022,ISS-65111204,,1.0,9.0,4.0,10.0
SP-FG013,SP-FG013.pdf,17/08/2023,ISS-66080827,,1.0,8.0,4.0,10.0
SP-FG013,SP-FG013.pdf,12/09/2023,ISS-66090955,,8.0,0.0,4.0,10.0
SP-FG013,SP-FG013.pdf,03/12/2024,REC-24120208,15.0,,15.0,4.0,10.0
SP-FG013,SP-FG013.pdf,05/03/2025,REC-25030025,10.0,,25.0,4.0,10.0
SP-FG014,SP-FG014.pdf,18/05/2020,REC-20050001,4.0,,4.0,4.0,10.0
SP-FG014,SP-FG014.pdf,12/06/2020,REC-20060045,10.0,,14.0,4.0,10.0
SP-FG014,SP-FG014.pdf,12/06/2020,ISS-63060078,,1.0,13.0,4.0,10.0
SP-FG014,SP-FG014.pdf,22/09/2020,ISS-63090411,,1.0,12.0,4.0,10.0
SP-FG014,SP-FG014.pdf,02/04/2021,REC-21040061,4.0,,16.0,4.0,10.0
SP-FG014,SP-FG014.pdf,15/05/2021,ISS-64050488,,2.0,14.0,4.0,10.0
SP-FG014,SP-FG014.pdf,04/06/2021,ISS-64060570,,1.0,13.0,4.0,10.0
SP-FG014,SP-FG014.pdf,09/09/2021,ISS-64090842,,1.0,12.0,4.0,10.0
SP-FG014,SP-FG014.pdf,18/11/2022,ISS-65111204,,1.0,11.0,4.0,10.0
SP-FG014,SP-FG014.pdf,17/08/2023,ISS-66080827,,1.0,10.0,4.0,10.0
SP-FG014,SP-FG014.pdf,12/09/2023,ISS-66090955,,10.0,0.0,4.0,10.0
SP-FG014,SP-FG014.pdf,03/12/2024,REC-24120208,13.0,,13.0,4.0,10.0
SP-FG014,SP-FG014.pdf,05/03/2025,REC-25030025,10.0,,23.0,4.0,10.0
SP-FG015,SP-FG015.pdf,18/05/2020,REC-20050001,2.0,,2.0,4.0,10.0
SP-FG015,SP-FG015.pdf,12/06/2020,REC-20060045,10.0,,12.0,4.0,10.0
SP-FG015,SP-FG015.pdf,12/06/2020,ISS-63060078,,1.0,11.0,4.0,10.0
SP-FG015,SP-FG015.pdf,22/09/2020,ISS-63090411,,1.0,10.0,4.0,10.0
SP-FG015,SP-FG015.pdf,02/04/2021,REC-21040056,4.0,,14.0,4.0,10.0
SP-FG015,SP-FG015.pdf,15/05/2021,ISS-64050488,,2.0,12.0,4.0,10.0
SP-FG015,SP-FG015.pdf,04/06/2021,ISS-64060570,,1.0,11.0,4.0,10.0
SP-FG015,SP-FG015.pdf,09/09/2021,ISS-64090842,,1.0,10.0,4.0,10.0
SP-FG015,SP-FG015.pdf,18/11/2022,ISS-65111204,,1.0,9.0,4.0,10.0
SP-FG015,SP-FG015.pdf,17/08/2023,ISS-66080827,,1.0,8.0,4.0,10.0
SP-FG015,SP-FG015.pdf,12/09/2023,ISS-66090955,,8.0,0.0,4.0,10.0
SP-FG015,SP-FG015.pdf,03/12/2024,REC-24120208,15.0,,15.0,4.0,10.0
SP-FG015,SP-FG015.pdf,05/03/2025,REC-25030025,10.0,,25.0,4.0,10.0
SP-FG016,SP-FG016.pdf,23/01/2020,REC-21120204,3.0,,3.0,4.0,10.0
SP-FG016,SP-FG016.pdf,08/02/2020,ISS-64121184,,1.0,2.0,4.0,10.0
SP-FG016,SP-FG016.pdf,12/02/2020,REC-21120203,2.0,,4.0,4.0,10.0
SP-FG016,SP-FG016.pdf,13/04/2020,ISS-64121183,,2.0,2.0,4.0,10.0
SP-FG017,SP-FG017.pdf,18/05/2020,REC-20050001,7.0,,7.0,4.0,10.0
SP-FG017,SP-FG017.pdf,29/07/2020,ISS-63070233,,2.0,5.0,4.0,10.0
SP-FG017,SP-FG017.pdf,22/09/2020,ISS-63090411,,1.0,4.0,4.0,10.0
SP-FG017,SP-FG017.pdf,12/01/2021,ISS-64010044,,2.0,2.0,4.0,10.0
SP-FG017,SP-FG017.pdf,19/01/2021,ISS-64010076,,1.0,1.0,4.0,10.0
SP-FG017,SP-FG017.pdf,02/04/2021,REC-21040059,4.0,,5.0,4.0,10.0
SP-FG017,SP-FG017.pdf,10/09/2021,ISS-64090852,,2.0,3.0,4.0,10.0
SP-FG017,SP-FG017.pdf,06/11/2021,ISS-64111081,,2.0,1.0,4.0,10.0
SP-FG017,SP-FG017.pdf,06/01/2022,REC-22010001,21.0,,22.0,4.0,10.0
SP-FG017,SP-FG017.pdf,22/11/2022,ISS-65111227,,1.0,21.0,4.0,10.0
SP-FG017,SP-FG017.pdf,13/12/2022,ISS-65121313,,1.0,20.0,4.0,10.0
SP-FG017,SP-FG017.pdf,19/05/2023,ISS-66050524,,2.0,18.0,4.0,10.0
SP-FG017,SP-FG017.pdf,13/09/2023,ISS-66090968,,1.0,17.0,4.0,10.0
SP-FG017,SP-FG017.pdf,10/10/2023,ISS-66101082,,2.0,15.0,4.0,10.0
SP-FG017,SP-FG017.pdf,04/03/2024,ISS-67030212,,1.0,14.0,4.0,10.0
SP-FG017,SP-FG017.pdf,09/11/2024,ISS-67111296,,2.0,12.0,4.0,10.0
SP-FG017,SP-FG017.pdf,25/02/2025,ISS-68020219,,2.0,10.0,4.0,10.0
SP-FG017,SP-FG017.pdf,24/03/2025,ISS-68030328,,1.0,9.0,4.0,10.0
SP-FG017,SP-FG017.pdf,19/08/2025,ISS-68080967,,2.0,7.0,4.0,10.0
SP-FG017,SP-FG017.pdf,01/06/2026,ISS-69060539,,2.0,5.0,4.0,10.0
SP-FG018,SP-FG018.pdf,18/05/2020,REC-20050001,2.0,,2.0,4.0,10.0
SP-FG019,SP-FG019.pdf,18/05/2020,REC-20050001,9.0,,9.0,8.0,40.0
SP-FG020,SP-FG020.pdf,18/05/2020,REC-20050001,3.0,,3.0,1.0,2.0
SP-FG021,SP-FG021.pdf,18/05/2020,REC-20050001,3.0,,3.0,1.0,2.0
SP-FG021,SP-FG021.pdf,10/08/2020,ISS-63080278,,1.0,2.0,1.0,2.0
SP-FG023,SP-FG023.pdf,18/05/2020,REC-20050001,8.0,,8.0,2.0,6.0
SP-FG023,SP-FG023.pdf,03/09/2020,ISS-63090351,,2.0,6.0,2.0,6.0
SP-FG023,SP-FG023.pdf,26/09/2020,ISS-63090422,,2.0,4.0,2.0,6.0
SP-FG023,SP-FG023.pdf,15/12/2020,ISS-63120708,,2.0,2.0,2.0,6.0
SP-FG023,SP-FG023.pdf,10/06/2021,ISS-64060591,,2.0,0.0,2.0,6.0
SP-FG023,SP-FG023.pdf,11/06/2021,REC-21060131,18.0,,18.0,2.0,6.0
SP-FG023,SP-FG023.pdf,30/07/2021,ISS-64070713,,4.0,14.0,2.0,6.0
SP-FG023,SP-FG023.pdf,15/10/2021,ISS-64100982,,2.0,12.0,2.0,6.0
SP-FG023,SP-FG023.pdf,24/12/2021,ISS-64121244,,4.0,8.0,2.0,6.0
SP-FG023,SP-FG023.pdf,24/02/2022,ISS-65020177,,2.0,6.0,2.0,6.0
SP-FG023,SP-FG023.pdf,30/03/2022,ISS-65030302,,4.0,2.0,2.0,6.0
SP-FG023,SP-FG023.pdf,15/06/2022,REC-22060072,20.0,,22.0,2.0,6.0
SP-FG023,SP-FG023.pdf,16/06/2022,ISS-65060603,,2.0,20.0,2.0,6.0
SP-FG023,SP-FG023.pdf,16/06/2022,ISS-65060604,,2.0,18.0,2.0,6.0
SP-FG023,SP-FG023.pdf,30/06/2022,ISS-65060650,,2.0,16.0,2.0,6.0
SP-FG023,SP-FG023.pdf,25/07/2022,ISS-65070745,,2.0,14.0,2.0,6.0
SP-FG023,SP-FG023.pdf,29/08/2022,ISS-65080878,,2.0,12.0,2.0,6.0
SP-FG023,SP-FG023.pdf,02/09/2022,ISS-65090892,,2.0,10.0,2.0,6.0
SP-FG023,SP-FG023.pdf,21/10/2022,ISS-65101076,,2.0,8.0,2.0,6.0
SP-FG023,SP-FG023.pdf,08/12/2022,ISS-65121287,,2.0,6.0,2.0,6.0
SP-FG023,SP-FG023.pdf,14/12/2022,ISS-65121319,,2.0,4.0,2.0,6.0
SP-FG023,SP-FG023.pdf,06/01/2023,ISS-66010026,,2.0,2.0,2.0,6.0
SP-FG023,SP-FG023.pdf,20/02/2023,ISS-66020231,,2.0,0.0,2.0,6.0
SP-FG023,SP-FG023.pdf,22/05/2023,REC-23050069,20.0,,20.0,2.0,6.0
SP-FG023,SP-FG023.pdf,23/05/2023,ISS-66050539,,4.0,16.0,2.0,6.0
SP-FG023,SP-FG023.pdf,16/08/2023,ISS-66080824,,2.0,14.0,2.0,6.0
SP-FG023,SP-FG023.pdf,29/09/2023,ISS-66091031,,2.0,12.0,2.0,6.0
SP-FG023,SP-FG023.pdf,10/10/2023,ISS-66101079,,2.0,10.0,2.0,6.0
SP-FG023,SP-FG023.pdf,09/12/2023,ISS-66121302,,2.0,8.0,2.0,6.0
SP-FG023,SP-FG023.pdf,14/12/2023,ISS-66121317,,2.0,6.0,2.0,6.0
SP-FG023,SP-FG023.pdf,15/01/2024,ISS-67010064,,2.0,4.0,2.0,6.0
SP-FG023,SP-FG023.pdf,19/02/2024,ISS-67020160,,4.0,0.0,2.0,6.0
SP-FG023,SP-FG023.pdf,22/10/2024,REC-24100178,10.0,,10.0,2.0,6.0
SP-FG023,SP-FG023.pdf,06/01/2025,ISS-68010022,,2.0,8.0,2.0,6.0
SP-FG023,SP-FG023.pdf,09/01/2025,ISS-68010040,,2.0,6.0,2.0,6.0
SP-FG023,SP-FG023.pdf,14/02/2025,ISS-68020172,,2.0,4.0,2.0,6.0
SP-FG023,SP-FG023.pdf,03/06/2025,ISS-68060654,,2.0,2.0,2.0,6.0
SP-FG024,SP-FG024.pdf,18/05/2020,REC-20050001,2.0,,2.0,4.0,10.0
SP-FG024,SP-FG024.pdf,26/10/2020,ISS-63100511,,2.0,0.0,4.0,10.0
SP-FG025,SP-FG025.pdf,18/05/2020,REC-20050001,1.0,,1.0,0.0,4.0
SP-FG026,SP-FG026.pdf,18/05/2020,REC-20050001,1.0,,1.0,0.0,4.0
SP-FG027,SP-FG027.pdf,18/05/2020,REC-20050001,1.0,,1.0,1.0,2.0
SP-FG028,SP-FG028.pdf,18/05/2020,REC-20050001,9.0,,9.0,2.0,10.0
SP-FG028,SP-FG028.pdf,22/12/2020,ISS-63120741,,2.0,7.0,2.0,10.0
SP-FG028,SP-FG028.pdf,13/01/2021,ISS-64010049,,4.0,3.0,2.0,10.0
SP-FG028,SP-FG028.pdf,24/03/2021,ISS-64030311,,3.0,0.0,2.0,10.0
SP-FG029,SP-FG029.pdf,18/05/2020,REC-20050001,2.0,,2.0,1.0,6.0
SP-FG029,SP-FG029.pdf,19/04/2022,ISS-65040349,,2.0,0.0,1.0,6.0
SP-FG030,SP-FG030.pdf,18/05/2020,REC-20050001,4.0,,4.0,2.0,6.0
SP-FG030,SP-FG030.pdf,23/09/2025,ISS-68091094,,1.0,3.0,2.0,6.0
SP-FG031,SP-FG031.pdf,18/05/2020,REC-20050001,5.0,,5.0,2.0,10.0
SP-FG031,SP-FG031.pdf,13/06/2022,ISS-65060577,,2.0,3.0,2.0,10.0
SP-FG031,SP-FG031.pdf,25/06/2024,ISS-68121459,,2.0,1.0,2.0,10.0
SP-FG031,SP-FG031.pdf,17/12/2025,ISS-68121460,,1.0,0.0,2.0,10.0
SP-FG031,SP-FG031.pdf,19/03/2026,REC-26030055,10.0,,10.0,2.0,10.0
SP-FG032,SP-FG032.pdf,18/05/2020,REC-20050001,5.0,,5.0,2.0,10.0
SP-FG032,SP-FG032.pdf,13/06/2022,ISS-65060577,,2.0,3.0,2.0,10.0
SP-FG032,SP-FG032.pdf,25/06/2024,ISS-68121459,,2.0,1.0,2.0,10.0
SP-FG032,SP-FG032.pdf,17/12/2025,ISS-68121460,,1.0,0.0,2.0,10.0
SP-FG033,SP-FG033.pdf,18/05/2020,REC-20050001,2.0,,2.0,1.0,2.0
SP-FG034,SP-FG034.pdf,18/05/2020,REC-20050001,2.0,,2.0,1.0,4.0
SP-FG035,SP-FG035.pdf,18/05/2020,REC-20050001,2.0,,2.0,4.0,10.0
SP-FG035,SP-FG035.pdf,21/04/2022,ISS-65040358,,2.0,0.0,4.0,10.0
SP-FG036,SP-FG036.pdf,18/05/2020,REC-20050001,2.0,,2.0,1.0,10.0
SP-FG037,SP-FG037.pdf,18/05/2020,REC-20050001,3.0,,3.0,2.0,4.0
SP-FG038,SP-FG038.pdf,18/05/2020,REC-20050001,4.0,,4.0,2.0,6.0
SP-FG039,SP-FG039.pdf,28/05/2020,REC-20050041,4.0,,4.0,,
SP-FG039,SP-FG039.pdf,24/06/2020,ISS-63060107,,2.0,2.0,,
SP-FG039,SP-FG039.pdf,01/12/2020,ISS-63120664,,1.0,1.0,,
SP-FG039,SP-FG039.pdf,04/01/2021,ISS-64010006,,1.0,0.0,,
SP-FG039,SP-FG039.pdf,30/01/2021,REC-21010015,4.0,,4.0,,
SP-FG039,SP-FG039.pdf,07/07/2022,ISS-65070680,,1.0,3.0,,
SP-FG039,SP-FG039.pdf,08/07/2022,ISS-65070681,,1.0,2.0,,
SP-FG039,SP-FG039.pdf,22/04/2024,ISS-67040398,,1.0,1.0,,
SP-FG039,SP-FG039.pdf,16/08/2024,ISS-67080855,,1.0,0.0,,
SP-FG040,SP-FG040.pdf,28/10/2020,REC-20100131,25.0,,25.0,,
SP-FG040,SP-FG040.pdf,20/11/2020,ISS-63110628,,4.0,21.0,,
SP-FG041,SP-FG041.pdf,28/10/2020,REC-20100131,15.0,,15.0,,
SP-FG041,SP-FG041.pdf,19/11/2020,ISS-63110623,,1.0,14.0,,
SP-FG042,SP-FG042.pdf,19/11/2020,REC-20110145,15.0,,15.0,5.0,10.0
SP-FG042,SP-FG042.pdf,11/05/2021,ISS-64050472,,1.0,14.0,5.0,10.0
SP-FG043,SP-FG043.pdf,12/12/2020,REC-20120159,5.0,,5.0,1.0,5.0
SP-FG043,SP-FG043.pdf,23/06/2023,ISS-66060652,,1.0,4.0,1.0,5.0
SP-FG044,SP-FG044.pdf,28/06/2022,REC-22070080,5.0,,5.0,1.0,5.0
SP-FG044,SP-FG044.pdf,01/07/2022,ISS-65070656,,1.0,4.0,1.0,5.0
SP-FG044,SP-FG044.pdf,05/07/2022,ISS-65070675,,1.0,3.0,1.0,5.0
SP-FG044,SP-FG044.pdf,11/07/2022,ISS-65070691,,1.0,2.0,1.0,5.0
SP-FG044,SP-FG044.pdf,01/08/2022,REC-22080104,4.0,,6.0,1.0,5.0
SP-FG044,SP-FG044.pdf,15/09/2022,ISS-65121325,,1.0,5.0,1.0,5.0
SP-FG044,SP-FG044.pdf,11/11/2022,ISS-65121326,,1.0,4.0,1.0,5.0
SP-FG044,SP-FG044.pdf,16/11/2022,ISS-65121327,,1.0,3.0,1.0,5.0
SP-FG044,SP-FG044.pdf,03/02/2023,ISS-66020159,,1.0,2.0,1.0,5.0
SP-FG044,SP-FG044.pdf,07/02/2023,ISS-66020171,,1.0,1.0,1.0,5.0
SP-FG044,SP-FG044.pdf,15/02/2023,REC-23020025,5.0,,6.0,1.0,5.0
SP-FG044,SP-FG044.pdf,21/03/2023,ISS-66030358,,1.0,5.0,1.0,5.0
SP-FG044,SP-FG044.pdf,24/07/2023,ISS-66070755,,1.0,4.0,1.0,5.0
SP-FG044,SP-FG044.pdf,29/07/2023,ISS-66070772,,1.0,3.0,1.0,5.0
SP-FG044,SP-FG044.pdf,02/08/2023,ISS-66080783,,1.0,2.0,1.0,5.0
SP-FG044,SP-FG044.pdf,21/08/2023,ISS-66080844,,1.0,1.0,1.0,5.0
SP-FG044,SP-FG044.pdf,13/01/2024,REC-24010009,5.0,,6.0,1.0,5.0
SP-FG044,SP-FG044.pdf,17/01/2024,ISS-67010069,,1.0,5.0,1.0,5.0
SP-FG044,SP-FG044.pdf,09/04/2024,ISS-67040369,,1.0,4.0,1.0,5.0
SP-FG044,SP-FG044.pdf,17/04/2024,ISS-67040388,,1.0,3.0,1.0,5.0
SP-FG044,SP-FG044.pdf,08/10/2024,ISS-67101133,,1.0,2.0,1.0,5.0
SP-FG044,SP-FG044.pdf,29/10/2024,ISS-67101247,,1.0,1.0,1.0,5.0
SP-FG044,SP-FG044.pdf,06/12/2024,REC-24120223,5.0,,6.0,1.0,5.0
SP-FG044,SP-FG044.pdf,08/10/2025,ISS-68101160,,2.0,4.0,1.0,5.0
SP-FG044,SP-FG044.pdf,14/10/2025,ISS-68101176,,1.0,3.0,1.0,5.0
SP-FG044,SP-FG044.pdf,21/10/2025,ISS-68101218,,1.0,2.0,1.0,5.0
SP-FG044,SP-FG044.pdf,10/01/2026,ISS-69010026,,1.0,1.0,1.0,5.0
SP-FG045,SP-FG045.pdf,06/07/2022,REC-22070086,4.0,,4.0,1.0,4.0
SP-FG045,SP-FG045.pdf,08/07/2022,ISS-65070684,,1.0,3.0,1.0,4.0
SP-FG045,SP-FG045.pdf,13/12/2022,ISS-65121312,,1.0,2.0,1.0,4.0
SP-FG046,SP-FG046.pdf,10/08/2022,REC-22080106,1.0,,1.0,1.0,2.0
SP-FG047,SP-FG047.pdf,12/09/2022,REC-22090126,50.0,,50.0,5.0,50.0
SP-FG047,SP-FG047.pdf,13/09/2022,ISS-65090935,,39.0,11.0,5.0,50.0
SP-FG048,SP-FG048.pdf,16/07/2024,REC-24070100,4.0,,4.0,2.0,4.0
SP-FG049,SP-FG049.pdf,16/07/2024,REC-24070100,4.0,,4.0,0.0,4.0
SP-FG050,SP-FG050.pdf,16/07/2024,REC-24070100,4.0,,4.0,0.0,4.0
SP-FG050,SP-FG050.pdf,03/12/2024,ISS-68060741,,4.0,0.0,0.0,4.0
SP-FG050,SP-FG050.pdf,05/05/2025,REC-25050070,12.0,,12.0,0.0,4.0
SP-FG050,SP-FG050.pdf,05/05/2025,ISS-68050491,,12.0,0.0,0.0,4.0
SP-FG050,SP-FG050.pdf,26/06/2025,REC-25060115,25.0,,25.0,0.0,4.0
SP-FG050,SP-FG050.pdf,26/06/2025,ISS-68060775,,4.0,21.0,0.0,4.0
SP-FG050,SP-FG050.pdf,24/07/2025,ISS-68070885,,2.0,19.0,0.0,4.0
SP-FG050,SP-FG050.pdf,24/07/2025,ISS-68070886,,2.0,17.0,0.0,4.0
SP-FG050,SP-FG050.pdf,13/08/2025,ISS-68080950,,2.0,15.0,0.0,4.0
SP-FG050,SP-FG050.pdf,10/09/2025,ISS-68091061,,4.0,11.0,0.0,4.0
SP-FG050,SP-FG050.pdf,16/09/2025,ISS-68091082,,4.0,7.0,0.0,4.0
SP-FG050,SP-FG050.pdf,24/09/2025,ISS-68101215,,3.0,4.0,0.0,4.0
SP-FG050,SP-FG050.pdf,21/10/2025,ISS-68101214,,3.0,1.0,0.0,4.0
SP-FG050,SP-FG050.pdf,16/12/2025,ISS-68121458,,1.0,0.0,0.0,4.0
SP-FG050,SP-FG050.pdf,19/03/2026,REC-26030055,30.0,,30.0,0.0,4.0
SP-FG050,SP-FG050.pdf,19/03/2026,ISS-69030289,,8.0,22.0,0.0,4.0
SP-FG051,SP-FG051.pdf,21/10/2024,REC-24100176,1.0,,1.0,0.0,1.0
SP-FG051,SP-FG051.pdf,23/10/2024,ISS-67101221,,1.0,0.0,0.0,1.0
SP-FG051,SP-FG051.pdf,24/10/2024,REC-24100180,2.0,,2.0,0.0,1.0
SP-FG051,SP-FG051.pdf,25/10/2024,ISS-67101231,,1.0,1.0,0.0,1.0
SP-FG051,SP-FG051.pdf,25/10/2024,ISS-67101249,,1.0,0.0,0.0,1.0
SP-FG051,SP-FG051.pdf,29/10/2024,REC-24110185,1.0,,1.0,0.0,1.0
SP-FG051,SP-FG051.pdf,26/03/2025,ISS-68091019,,1.0,0.0,0.0,1.0
SP-FG051,SP-FG051.pdf,19/03/2026,REC-26030055,4.0,,4.0,0.0,1.0
SP-FG052,SP-FG052.pdf,24/10/2024,REC-24100182,2.0,,2.0,0.0,1.0
SP-FG052,SP-FG052.pdf,25/10/2024,ISS-67101250,,1.0,1.0,0.0,1.0
SP-FG052,SP-FG052.pdf,22/01/2025,ISS-68040458,,1.0,0.0,0.0,1.0
SP-FG052,SP-FG052.pdf,14/10/2025,REC-25100187,2.0,,2.0,0.0,1.0
SP-FG052,SP-FG052.pdf,15/10/2025,ISS-68101183,,2.0,0.0,0.0,1.0
SP-FG053,SP-FG053.pdf,29/10/2024,REC-24110188,1.0,,1.0,0.0,1.0
SP-FG054,SP-FG054.pdf,13/07/2023,REC-25090162,2.0,,2.0,1.0,2.0
SP-FG054,SP-FG054.pdf,17/10/2024,ISS-68091021,,1.0,1.0,1.0,2.0
SP-FG054,SP-FG054.pdf,19/03/2026,REC-26030055,2.0,,3.0,1.0,2.0
SP-FH001,SP-FH001.pdf,18/05/2020,REC-20050001,3.0,,3.0,1.0,3.0
SP-FH002,SP-FH002.pdf,18/05/2020,REC-20050001,3.0,,3.0,2.0,4.0
SP-FH003,SP-FH003.pdf,18/05/2020,REC-20050001,3.0,,3.0,2.0,10.0
SP-FH004,SP-FH004.pdf,18/05/2020,REC-20050001,1.0,,1.0,0.0,4.0
SP-FH005,SP-FH005.pdf,18/05/2020,REC-20050001,31.0,,31.0,10.0,20.0
SP-FH006,SP-FH006.pdf,18/05/2020,REC-20050001,17.0,,17.0,5.0,10.0
SP-FH007,SP-FH007.pdf,18/05/2020,REC-20050001,9.0,,9.0,2.0,5.0
SP-FH008,SP-FH008.pdf,18/05/2020,REC-20050001,5.0,,5.0,2.0,5.0
SP-FH008,SP-FH008.pdf,11/05/2021,ISS-64050467,,1.0,4.0,2.0,5.0
SP-FH008,SP-FH008.pdf,20/10/2022,ISS-65101062,,1.0,3.0,2.0,5.0
SP-FH009,SP-FH009.pdf,18/05/2020,REC-20050001,12.0,,12.0,4.0,10.0
SP-FH010,SP-FH010.pdf,18/05/2020,REC-20050001,6.0,,6.0,4.0,10.0
SP-FH011,SP-FH011.pdf,18/05/2020,REC-20050001,14.0,,14.0,4.0,10.0
SP-FH012,SP-FH012.pdf,18/05/2020,REC-20050001,5.0,,5.0,1.0,3.0
SP-FH013,SP-FH013.pdf,18/05/2020,REC-20050001,1.0,,1.0,0.0,2.0
SP-FH013,SP-FH013.pdf,11/05/2021,ISS-64050471,,1.0,0.0,0.0,2.0
SP-FH015,SP-FH015.pdf,18/05/2020,REC-20050019,5.0,,5.0,,
SP-FH016,SP-FH016.pdf,18/05/2020,REC-20050020,7.0,,7.0,,
SP-FH016,SP-FH016.pdf,23/12/2020,ISS-63120746,,1.0,6.0,,
SP-FK001,SP-FK001.pdf,18/05/2020,REC-20050001,5.0,,5.0,2.0,10.0
SP-FK001,SP-FK001.pdf,01/03/2021,ISS-64030220,,1.0,4.0,2.0,10.0
SP-FK001,SP-FK001.pdf,02/04/2021,REC-21040055,3.0,,7.0,2.0,10.0
SP-FK001,SP-FK001.pdf,22/04/2022,ISS-65040363,,1.0,6.0,2.0,10.0
SP-FK001,SP-FK001.pdf,15/08/2023,ISS-66080819,,1.0,5.0,2.0,10.0
SP-FK001,SP-FK001.pdf,23/04/2024,ISS-67040407,,1.0,4.0,2.0,10.0
SP-FK001,SP-FK001.pdf,16/05/2024,ISS-67050500,,1.0,3.0,2.0,10.0
SP-FK001,SP-FK001.pdf,28/06/2024,ISS-67070695,,1.0,2.0,2.0,10.0
SP-FK001,SP-FK001.pdf,03/03/2025,ISS-68030236,,1.0,1.0,2.0,10.0
SP-FK001,SP-FK001.pdf,05/03/2025,REC-25030025,4.0,,5.0,2.0,10.0
SP-FK002,SP-FK002.pdf,18/05/2020,REC-20050001,5.0,,5.0,2.0,5.0
SP-FK002,SP-FK002.pdf,03/03/2025,ISS-68030236,,1.0,4.0,2.0,5.0
SP-FK003,SP-FK003.pdf,18/05/2020,REC-20050001,1.0,,1.0,2.0,10.0
SP-FK003,SP-FK003.pdf,12/06/2020,REC-20060045,3.0,,4.0,2.0,10.0
SP-FK003,SP-FK003.pdf,10/07/2020,ISS-63070170,,2.0,2.0,2.0,10.0
SP-FK003,SP-FK003.pdf,08/08/2020,ISS-63080274,,2.0,0.0,2.0,10.0
SP-FK003,SP-FK003.pdf,02/04/2021,REC-21040069,4.0,,4.0,2.0,10.0
SP-FK003,SP-FK003.pdf,13/06/2022,ISS-65060576,,2.0,2.0,2.0,10.0
SP-FK003,SP-FK003.pdf,20/05/2023,ISS-66050525,,1.0,1.0,2.0,10.0
SP-FK003,SP-FK003.pdf,05/10/2023,ISS-66101060,,1.0,0.0,2.0,10.0
SP-FK003,SP-FK003.pdf,03/12/2024,REC-24120208,6.0,,6.0,2.0,10.0
SP-FK003,SP-FK003.pdf,05/03/2025,REC-25030025,4.0,,10.0,2.0,10.0
SP-FK003,SP-FK003.pdf,28/03/2025,ISS-68030347,,2.0,8.0,2.0,10.0
SP-FK003,SP-FK003.pdf,17/04/2025,ISS-68040437,,2.0,6.0,2.0,10.0
SP-FK003,SP-FK003.pdf,05/05/2025,REC-25050068,6.0,,12.0,2.0,10.0
SP-FK003,SP-FK003.pdf,06/05/2025,ISS-68050493,,2.0,10.0,2.0,10.0
SP-FK003,SP-FK003.pdf,17/05/2025,ISS-68050577,,2.0,8.0,2.0,10.0
SP-FK003,SP-FK003.pdf,17/10/2025,ISS-68101202,,2.0,6.0,2.0,10.0
SP-FK003,SP-FK003.pdf,22/10/2025,ISS-68101216,,2.0,4.0,2.0,10.0
SP-FK003,SP-FK003.pdf,11/05/2026,ISS-69050461,,1.0,3.0,2.0,10.0
SP-FK003,SP-FK003.pdf,11/05/2026,ISS-69050462,,1.0,2.0,2.0,10.0
SP-FK004,SP-FK004.pdf,18/05/2020,REC-20050001,12.0,,12.0,2.0,10.0
SP-FK004,SP-FK004.pdf,09/01/2025,ISS-68010039,,2.0,10.0,2.0,10.0
SP-FK005,SP-FK005.pdf,18/05/2020,REC-20050001,2.0,,2.0,1.0,4.0
SP-FK005,SP-FK005.pdf,02/04/2021,REC-21040060,2.0,,4.0,1.0,4.0
SP-FK006,SP-FK006.pdf,18/05/2020,REC-20050001,12.0,,12.0,2.0,4.0
SP-FK007,SP-FK007.pdf,18/05/2020,REC-20050001,1.0,,1.0,2.0,10.0
SP-FK007,SP-FK007.pdf,12/12/2020,ISS-63120697,,1.0,0.0,2.0,10.0
SP-FK007,SP-FK007.pdf,24/07/2023,REC-23070104,5.0,,5.0,2.0,10.0
SP-FK007,SP-FK007.pdf,14/09/2023,ISS-66090970,,2.0,3.0,2.0,10.0
SP-FK008,SP-FK008.pdf,18/05/2020,REC-20050001,3.0,,3.0,2.0,10.0
SP-FK009,SP-FK009.pdf,18/05/2020,REC-20050001,4.0,,4.0,2.0,5.0
SP-FK009,SP-FK009.pdf,11/05/2021,ISS-64050467,,1.0,3.0,2.0,5.0
SP-FK009,SP-FK009.pdf,19/05/2022,ISS-65050477,,1.0,2.0,2.0,5.0
SP-FK009,SP-FK009.pdf,20/05/2022,ISS-65050485,,1.0,1.0,2.0,5.0
SP-FK009,SP-FK009.pdf,02/06/2022,ISS-65060529,,1.0,0.0,2.0,5.0
SP-FK009,SP-FK009.pdf,17/07/2023,REC-23070095,6.0,,6.0,2.0,5.0
SP-FK009,SP-FK009.pdf,19/02/2024,ISS-67020157,,1.0,5.0,2.0,5.0
SP-FK009,SP-FK009.pdf,21/10/2024,ISS-67101202,,1.0,4.0,2.0,5.0
SP-FK009,SP-FK009.pdf,05/02/2025,ISS-68020132,,1.0,3.0,2.0,5.0
SP-FK009,SP-FK009.pdf,18/03/2025,ISS-68030304,,2.0,1.0,2.0,5.0
SP-FK009,SP-FK009.pdf,06/05/2025,ISS-68050494,,1.0,0.0,2.0,5.0
SP-FK009,SP-FK009.pdf,01/12/2025,REC-25120214,11.0,,11.0,2.0,5.0
SP-FK010-1,SP-FK010-1.pdf,18/05/2020,REC-20050021,17.0,,17.0,2.0,10.0
SP-FK010-1,SP-FK010-1.pdf,21/09/2021,ISS-64090907,,2.0,15.0,2.0,10.0
SP-FK010-1,SP-FK010-1.pdf,09/03/2022,ISS-65030221,,2.0,13.0,2.0,10.0
SP-FK010-1,SP-FK010-1.pdf,23/04/2022,ISS-65040369,,2.0,11.0,2.0,10.0
SP-FK010-1,SP-FK010-1.pdf,02/06/2022,ISS-65060529,,1.0,10.0,2.0,10.0
SP-FK010-1,SP-FK010-1.pdf,24/11/2022,ISS-65111234,,1.0,9.0,2.0,10.0
SP-FK010,SP-FK010.pdf,18/05/2020,REC-20050001,33.0,,33.0,2.0,10.0
SP-FK010,SP-FK010.pdf,04/05/2022,ISS-65050401,,1.0,32.0,2.0,10.0
SP-FK010,SP-FK010.pdf,19/05/2022,ISS-65050477,,1.0,31.0,2.0,10.0
SP-FK010,SP-FK010.pdf,14/06/2022,ISS-65060590,,1.0,30.0,2.0,10.0
SP-FK010,SP-FK010.pdf,26/11/2022,ISS-65111244,,1.0,29.0,2.0,10.0
SP-FK010,SP-FK010.pdf,30/01/2023,ISS-66010110,,2.0,27.0,2.0,10.0
SP-FK011,SP-FK011.pdf,18/05/2020,REC-20050001,10.0,,10.0,2.0,10.0
SP-FK011,SP-FK011.pdf,13/11/2020,ISS-63110587,,1.0,9.0,2.0,10.0
SP-FK011,SP-FK011.pdf,19/12/2020,ISS-63120724,,1.0,8.0,2.0,10.0
SP-FK011,SP-FK011.pdf,06/01/2021,ISS-64010011,,1.0,7.0,2.0,10.0
SP-FK011,SP-FK011.pdf,13/01/2021,ISS-64010051,,2.0,5.0,2.0,10.0
SP-FK011,SP-FK011.pdf,16/09/2021,ISS-64090879,,1.0,4.0,2.0,10.0
SP-FK011,SP-FK011.pdf,25/04/2023,ISS-66040456,,1.0,3.0,2.0,10.0
SP-FK011,SP-FK011.pdf,22/11/2023,ISS-66111240,,1.0,2.0,2.0,10.0
SP-FK011,SP-FK011.pdf,22/03/2024,ISS-67030299,,1.0,1.0,2.0,10.0
SP-FK011,SP-FK011.pdf,28/03/2024,ISS-67030320,,1.0,0.0,2.0,10.0
SP-FK011,SP-FK011.pdf,30/09/2024,REC-24090160,15.0,,15.0,2.0,10.0
SP-FK011,SP-FK011.pdf,10/07/2025,ISS-68070823,,1.0,14.0,2.0,10.0
SP-FK011,SP-FK011.pdf,29/08/2025,ISS-68080999,,2.0,12.0,2.0,10.0
SP-FK011,SP-FK011.pdf,07/02/2026,ISS-69020145,,2.0,10.0,2.0,10.0
SP-FK012,SP-FK012.pdf,18/05/2020,REC-20050001,8.0,,8.0,2.0,10.0
SP-FK013,SP-FK013.pdf,18/05/2020,REC-20050001,3.0,,3.0,2.0,5.0
SP-FK013,SP-FK013.pdf,14/11/2020,ISS-63110592,,1.0,2.0,2.0,5.0
SP-FK013,SP-FK013.pdf,04/05/2022,ISS-65050401,,1.0,1.0,2.0,5.0
SP-FK013,SP-FK013.pdf,17/07/2023,REC-23070095,4.0,,5.0,2.0,5.0
SP-FK013,SP-FK013.pdf,09/09/2024,ISS-67090989,,1.0,4.0,2.0,5.0
SP-FK013,SP-FK013.pdf,05/10/2024,ISS-67101122,,1.0,3.0,2.0,5.0
SP-FK013,SP-FK013.pdf,05/03/2025,REC-25030033,4.0,,7.0,2.0,5.0
SP-FK013,SP-FK013.pdf,19/04/2025,ISS-68040440,,2.0,5.0,2.0,5.0
SP-FK013,SP-FK013.pdf,22/04/2025,ISS-68040456,,1.0,4.0,2.0,5.0
SP-FK013,SP-FK013.pdf,19/08/2025,ISS-68080969,,2.0,2.0,2.0,5.0
SP-FK013,SP-FK013.pdf,19/08/2025,ISS-68080970,,2.0,0.0,2.0,5.0
SP-FK013,SP-FK013.pdf,10/09/2025,REC-25090168,100.0,,100.0,2.0,5.0
SP-FK014,SP-FK014.pdf,18/05/2020,REC-20050001,3.0,,3.0,2.0,8.0
SP-FK014,SP-FK014.pdf,02/04/2021,REC-21040064,2.0,,5.0,2.0,8.0
SP-FK014,SP-FK014.pdf,15/10/2021,ISS-64100983,,2.0,3.0,2.0,8.0
SP-FK014,SP-FK014.pdf,08/02/2023,ISS-66020173,,2.0,1.0,2.0,8.0
SP-FK015,SP-FK015.pdf,18/05/2020,REC-20050001,8.0,,8.0,2.0,8.0
SP-FK015,SP-FK015.pdf,31/07/2020,ISS-63070244,,2.0,6.0,2.0,8.0
SP-FK015,SP-FK015.pdf,02/04/2021,REC-21040064,2.0,,8.0,2.0,8.0
SP-FK015,SP-FK015.pdf,11/05/2021,ISS-64050475,,2.0,6.0,2.0,8.0
SP-FK015,SP-FK015.pdf,11/05/2021,ISS-64050477,,4.0,2.0,2.0,8.0
SP-FK016,SP-FK016.pdf,18/05/2020,REC-20050001,3.0,,3.0,2.0,8.0
SP-FK016,SP-FK016.pdf,01/10/2020,ISS-63100441,,2.0,1.0,2.0,8.0
SP-FK016,SP-FK016.pdf,02/04/2021,REC-21040064,2.0,,3.0,2.0,8.0
SP-FK017,SP-FK017.pdf,02/04/2021,REC-21040063,10.0,,10.0,2.0,10.0
SP-FK017,SP-FK017.pdf,19/10/2021,ISS-64100996,,1.0,9.0,2.0,10.0
SP-FK017,SP-FK017.pdf,17/06/2022,ISS-65060605,,1.0,8.0,2.0,10.0
SP-FK017,SP-FK017.pdf,10/09/2022,ISS-65090913,,1.0,7.0,2.0,10.0
SP-FK017,SP-FK017.pdf,26/11/2022,ISS-65111241,,1.0,6.0,2.0,10.0
SP-FK017,SP-FK017.pdf,04/09/2023,ISS-68091024,,1.0,5.0,2.0,10.0
SP-FK017,SP-FK017.pdf,04/03/2024,ISS-68091025,,1.0,4.0,2.0,10.0
SP-FK017,SP-FK017.pdf,08/06/2024,ISS-67060586,,1.0,3.0,2.0,10.0
SP-FK017,SP-FK017.pdf,04/07/2024,ISS-68091026,,1.0,2.0,2.0,10.0
SP-FK017,SP-FK017.pdf,17/04/2025,ISS-68040439,,1.0,1.0,2.0,10.0
SP-FK017,SP-FK017.pdf,07/05/2025,ISS-68050504,,1.0,0.0,2.0,10.0
SP-FK017,SP-FK017.pdf,01/12/2025,REC-25120214,10.0,,10.0,2.0,10.0
SP-FK018,SP-FK018.pdf,18/05/2020,REC-20050001,4.0,,4.0,2.0,8.0
SP-FK018,SP-FK018.pdf,10/08/2020,ISS-63080277,,2.0,2.0,2.0,8.0
SP-FK018,SP-FK018.pdf,05/03/2021,ISS-64030243,,2.0,0.0,2.0,8.0
SP-FK018,SP-FK018.pdf,06/03/2021,REC-21030039,6.0,,6.0,2.0,8.0
SP-FK018,SP-FK018.pdf,25/10/2021,ISS-64101015,,2.0,4.0,2.0,8.0
SP-FK018,SP-FK018.pdf,21/04/2022,ISS-65040359,,2.0,2.0,2.0,8.0
SP-FK018,SP-FK018.pdf,09/06/2022,ISS-65060563,,2.0,0.0,2.0,8.0
SP-FK018,SP-FK018.pdf,07/11/2022,REC-22110154,10.0,,10.0,2.0,8.0
SP-FK018,SP-FK018.pdf,14/11/2022,ISS-65111179,,2.0,8.0,2.0,8.0
SP-FK018,SP-FK018.pdf,22/11/2022,ISS-65111224,,2.0,6.0,2.0,8.0
SP-FK018,SP-FK018.pdf,12/12/2022,ISS-65121306,,4.0,2.0,2.0,8.0
SP-FK018,SP-FK018.pdf,19/12/2022,ISS-65121340,,2.0,0.0,2.0,8.0
SP-FK018,SP-FK018.pdf,17/07/2023,REC-23070095,10.0,,10.0,2.0,8.0
SP-FK018,SP-FK018.pdf,16/08/2023,ISS-66080824,,2.0,8.0,2.0,8.0
SP-FK018,SP-FK018.pdf,19/02/2024,ISS-67020159,,2.0,6.0,2.0,8.0
SP-FK018,SP-FK018.pdf,17/08/2024,ISS-67080857,,4.0,2.0,2.0,8.0
SP-FK018,SP-FK018.pdf,03/12/2024,REC-24120208,8.0,,10.0,2.0,8.0
SP-FK018,SP-FK018.pdf,05/03/2025,REC-25030025,10.0,,20.0,2.0,8.0
SP-FK018,SP-FK018.pdf,30/06/2025,ISS-68060783,,1.0,19.0,2.0,8.0
SP-FK018,SP-FK018.pdf,19/08/2025,ISS-68080968,,2.0,17.0,2.0,8.0
SP-FK019,SP-FK019.pdf,18/05/2020,REC-20050001,42.0,,42.0,10.0,50.0
SP-FK019,SP-FK019.pdf,25/05/2020,ISS-63050022,,2.0,40.0,10.0,50.0
SP-FK019,SP-FK019.pdf,29/05/2020,ISS-63050039,,4.0,36.0,10.0,50.0
SP-FK019,SP-FK019.pdf,03/06/2020,ISS-63060058,,2.0,34.0,10.0,50.0
SP-FK019,SP-FK019.pdf,11/07/2020,ISS-63070181,,4.0,30.0,10.0,50.0
SP-FK019,SP-FK019.pdf,11/07/2020,ISS-63070182,,4.0,26.0,10.0,50.0
SP-FK019,SP-FK019.pdf,05/08/2020,ISS-63080257,,2.0,24.0,10.0,50.0
SP-FK019,SP-FK019.pdf,10/08/2020,ISS-63080279,,2.0,22.0,10.0,50.0
SP-FK019,SP-FK019.pdf,26/08/2020,ISS-63080329,,4.0,18.0,10.0,50.0
SP-FK019,SP-FK019.pdf,26/09/2020,ISS-63090420,,2.0,16.0,10.0,50.0
SP-FK019,SP-FK019.pdf,01/10/2020,ISS-63100439,,2.0,14.0,10.0,50.0
SP-FK019,SP-FK019.pdf,23/10/2020,ISS-63100509,,2.0,12.0,10.0,50.0
SP-FK019,SP-FK019.pdf,02/11/2020,ISS-63110539,,2.0,10.0,10.0,50.0
SP-FK019,SP-FK019.pdf,13/11/2020,ISS-63110586,,2.0,8.0,10.0,50.0
SP-FK019,SP-FK019.pdf,26/11/2020,ISS-63110652,,2.0,6.0,10.0,50.0
SP-FK019,SP-FK019.pdf,22/12/2020,ISS-63120738,,4.0,2.0,10.0,50.0
SP-FK019,SP-FK019.pdf,26/12/2020,ISS-63120757,,2.0,0.0,10.0,50.0
SP-FK019,SP-FK019.pdf,22/02/2021,REC-21020026,44.0,,44.0,10.0,50.0
SP-FK019,SP-FK019.pdf,23/02/2021,ISS-64020197,,2.0,42.0,10.0,50.0
SP-FK019,SP-FK019.pdf,02/04/2021,ISS-64040349,,2.0,40.0,10.0,50.0
SP-FK019,SP-FK019.pdf,30/04/2021,ISS-64040434,,4.0,36.0,10.0,50.0
SP-FK019,SP-FK019.pdf,27/05/2021,ISS-64050541,,2.0,34.0,10.0,50.0
SP-FK019,SP-FK019.pdf,04/06/2021,ISS-64060569,,2.0,32.0,10.0,50.0
SP-FK019,SP-FK019.pdf,09/06/2021,ISS-64060585,,2.0,30.0,10.0,50.0
SP-FK019,SP-FK019.pdf,14/07/2021,ISS-64070657,,4.0,26.0,10.0,50.0
SP-FK019,SP-FK019.pdf,26/08/2021,ISS-64080802,,4.0,22.0,10.0,50.0
SP-FK019,SP-FK019.pdf,21/09/2021,ISS-64090905,,4.0,18.0,10.0,50.0
SP-FK019,SP-FK019.pdf,25/10/2021,ISS-64101014,,4.0,14.0,10.0,50.0
SP-FK019,SP-FK019.pdf,06/11/2021,ISS-64111079,,8.0,6.0,10.0,50.0
SP-FK019,SP-FK019.pdf,20/11/2021,ISS-64111128,,6.0,0.0,10.0,50.0
SP-FK019,SP-FK019.pdf,06/01/2022,REC-22010001,100.0,,100.0,10.0,50.0
SP-FK019,SP-FK019.pdf,09/02/2022,ISS-65020127,,4.0,96.0,10.0,50.0
SP-FK019,SP-FK019.pdf,29/03/2022,ISS-65030298,,4.0,92.0,10.0,50.0
SP-FK019,SP-FK019.pdf,30/03/2022,ISS-65030299,,4.0,88.0,10.0,50.0
SP-FK019,SP-FK019.pdf,23/04/2022,ISS-65040367,,4.0,84.0,10.0,50.0
SP-FK019,SP-FK019.pdf,10/06/2022,ISS-65060570,,4.0,80.0,10.0,50.0
SP-FK019,SP-FK019.pdf,11/06/2022,ISS-65060572,,4.0,76.0,10.0,50.0
SP-FK019,SP-FK019.pdf,14/07/2022,ISS-65070707,,4.0,72.0,10.0,50.0
SP-FK019,SP-FK019.pdf,22/08/2022,ISS-65080831,,4.0,68.0,10.0,50.0
SP-FK019,SP-FK019.pdf,09/09/2022,ISS-65090907,,4.0,64.0,10.0,50.0
SP-FK019,SP-FK019.pdf,29/09/2022,ISS-65090969,,2.0,62.0,10.0,50.0
SP-FK019,SP-FK019.pdf,10/10/2022,ISS-65101025,,4.0,58.0,10.0,50.0
SP-FK019,SP-FK019.pdf,26/11/2022,ISS-65111242,,2.0,56.0,10.0,50.0
SP-FK019,SP-FK019.pdf,07/12/2022,ISS-65121283,,4.0,52.0,10.0,50.0
SP-FK019,SP-FK019.pdf,08/12/2022,ISS-65121284,,4.0,48.0,10.0,50.0
SP-FK019,SP-FK019.pdf,17/12/2022,ISS-65121343,,2.0,46.0,10.0,50.0
SP-FK019,SP-FK019.pdf,20/12/2022,ISS-65121344,,4.0,42.0,10.0,50.0
SP-FK019,SP-FK019.pdf,17/01/2023,ISS-66010063,,2.0,40.0,10.0,50.0
SP-FK019,SP-FK019.pdf,04/02/2023,ISS-66020174,,4.0,36.0,10.0,50.0
SP-FK019,SP-FK019.pdf,08/02/2023,ISS-66020175,,2.0,34.0,10.0,50.0
SP-FK019,SP-FK019.pdf,01/03/2023,ISS-66030276,,2.0,32.0,10.0,50.0
SP-FK019,SP-FK019.pdf,22/03/2023,ISS-66030349,,4.0,28.0,10.0,50.0
SP-FK019,SP-FK019.pdf,11/05/2023,ISS-66050504,,2.0,26.0,10.0,50.0
SP-FK019,SP-FK019.pdf,17/05/2023,ISS-66050516,,2.0,24.0,10.0,50.0
SP-FK019,SP-FK019.pdf,16/06/2023,ISS-66060625,,4.0,20.0,10.0,50.0
SP-FK019,SP-FK019.pdf,11/07/2023,ISS-66070717,,2.0,18.0,10.0,50.0
SP-FK019,SP-FK019.pdf,12/09/2023,ISS-66090961,,2.0,16.0,10.0,50.0
SP-FK019,SP-FK019.pdf,19/09/2023,ISS-66090995,,2.0,14.0,10.0,50.0
SP-FK019,SP-FK019.pdf,30/10/2023,ISS-66101153,,2.0,12.0,10.0,50.0
SP-FK019,SP-FK019.pdf,18/11/2023,ISS-66111228,,2.0,10.0,10.0,50.0
SP-FK019,SP-FK019.pdf,11/12/2023,ISS-66121304,,2.0,8.0,10.0,50.0
SP-FK019,SP-FK019.pdf,14/12/2023,ISS-66121316,,2.0,6.0,10.0,50.0
SP-FK019,SP-FK019.pdf,19/12/2023,ISS-66121332,,2.0,4.0,10.0,50.0
SP-FK019,SP-FK019.pdf,05/01/2024,ISS-67010031,,2.0,2.0,10.0,50.0
SP-FK019,SP-FK019.pdf,09/01/2024,ISS-67010047,,2.0,0.0,10.0,50.0
SP-FK019,SP-FK019.pdf,22/03/2024,REC-24030041,100.0,,100.0,10.0,50.0
SP-FK019,SP-FK019.pdf,23/03/2024,ISS-67030312,,4.0,96.0,10.0,50.0
SP-FK019,SP-FK019.pdf,26/03/2024,ISS-67030313,,2.0,94.0,10.0,50.0
SP-FK019,SP-FK019.pdf,22/04/2024,ISS-67040399,,4.0,90.0,10.0,50.0
SP-FK019,SP-FK019.pdf,04/06/2024,ISS-67060568,,2.0,88.0,10.0,50.0
SP-FK019,SP-FK019.pdf,17/07/2024,ISS-67070771,,2.0,86.0,10.0,50.0
SP-FK019,SP-FK019.pdf,13/08/2024,ISS-67080839,,2.0,84.0,10.0,50.0
SP-FK019,SP-FK019.pdf,17/08/2024,ISS-67080860,,2.0,82.0,10.0,50.0
SP-FK019,SP-FK019.pdf,21/09/2024,ISS-67091038,,2.0,80.0,10.0,50.0
SP-FK019,SP-FK019.pdf,01/11/2024,ISS-67111263,,2.0,78.0,10.0,50.0
SP-FK019,SP-FK019.pdf,07/11/2024,ISS-67111283,,2.0,76.0,10.0,50.0
SP-FK019,SP-FK019.pdf,07/12/2024,ISS-67121411,,2.0,74.0,10.0,50.0
SP-FK019,SP-FK019.pdf,14/12/2024,ISS-67121450,,1.0,73.0,10.0,50.0
SP-FK019,SP-FK019.pdf,05/02/2025,ISS-68020132,,2.0,71.0,10.0,50.0
SP-FK019,SP-FK019.pdf,12/03/2025,ISS-68030269,,2.0,69.0,10.0,50.0
SP-FK019,SP-FK019.pdf,28/03/2025,ISS-68030353,,4.0,65.0,10.0,50.0
SP-FK019,SP-FK019.pdf,15/05/2025,ISS-68050554,,2.0,63.0,10.0,50.0
SP-FK019,SP-FK019.pdf,31/05/2025,ISS-68050641,,2.0,61.0,10.0,50.0
SP-FK019,SP-FK019.pdf,24/06/2025,ISS-68060765,,4.0,57.0,10.0,50.0
SP-FK019,SP-FK019.pdf,08/07/2025,ISS-68070812,,2.0,55.0,10.0,50.0
SP-FK019,SP-FK019.pdf,16/07/2025,ISS-68070849,,2.0,53.0,10.0,50.0
SP-FK019,SP-FK019.pdf,05/08/2025,ISS-68080920,,2.0,51.0,10.0,50.0
SP-FK019,SP-FK019.pdf,03/09/2025,ISS-68091016,,2.0,49.0,10.0,50.0
SP-FK019,SP-FK019.pdf,28/10/2025,ISS-68101242,,4.0,45.0,10.0,50.0
SP-FK019,SP-FK019.pdf,09/12/2025,ISS-68121415,,2.0,43.0,10.0,50.0
SP-FK019,SP-FK019.pdf,09/12/2025,ISS-68121416,,2.0,41.0,10.0,50.0
SP-FK019,SP-FK019.pdf,03/02/2026,ISS-69020122,,2.0,39.0,10.0,50.0
SP-FK020,SP-FK020.pdf,18/05/2020,REC-20050001,5.0,,5.0,5.0,10.0
SP-FK020,SP-FK020.pdf,03/09/2020,ISS-63090356,,1.0,4.0,5.0,10.0
SP-FK020,SP-FK020.pdf,20/11/2020,ISS-63110627,,1.0,3.0,5.0,10.0
SP-FK020,SP-FK020.pdf,02/04/2021,REC-21040062,10.0,,13.0,5.0,10.0
SP-FK020,SP-FK020.pdf,09/08/2021,ISS-64080743,,1.0,12.0,5.0,10.0
SP-FK020,SP-FK020.pdf,10/02/2025,ISS-68020151,,1.0,11.0,5.0,10.0
SP-FK020,SP-FK020.pdf,21/03/2025,ISS-68030320,,1.0,10.0,5.0,10.0
SP-FK020,SP-FK020.pdf,19/04/2025,ISS-68040443,,1.0,9.0,5.0,10.0
SP-FK020,SP-FK020.pdf,05/03/2026,ISS-69030226,,1.0,8.0,5.0,10.0
SP-FK021,SP-FK021.pdf,18/05/2020,REC-20050001,4.0,,4.0,1.0,5.0
SP-FK022,SP-FK022.pdf,18/05/2020,REC-20050001,2.0,,2.0,1.0,4.0
SP-FK022,SP-FK022.pdf,12/06/2020,REC-20060047,2.0,,4.0,1.0,4.0
SP-FK022,SP-FK022.pdf,18/06/2020,ISS-63060093,,2.0,2.0,1.0,4.0
SP-FK023,SP-FK023.pdf,18/05/2020,REC-20050001,1.0,,1.0,0.0,4.0
SP-FK023,SP-FK023.pdf,09/11/2021,ISS-64111087,,1.0,0.0,0.0,4.0
SP-FK023,SP-FK023.pdf,17/07/2023,REC-23070095,2.0,,2.0,0.0,4.0
SP-FK024,SP-FK024.pdf,18/05/2020,REC-20050001,3.0,,3.0,2.0,10.0
SP-FK024,SP-FK024.pdf,20/08/2021,ISS-64080780,,1.0,2.0,2.0,10.0
SP-FK024,SP-FK024.pdf,25/10/2022,ISS-65101096,,2.0,0.0,2.0,10.0
SP-FK024,SP-FK024.pdf,24/07/2023,REC-23070103,10.0,,10.0,2.0,10.0
SP-FK024,SP-FK024.pdf,19/04/2025,ISS-68040443,,1.0,9.0,2.0,10.0
SP-FK025,SP-FK025.pdf,18/05/2020,REC-20050001,2.0,,2.0,1.0,4.0
SP-FK026,SP-FK026.pdf,18/05/2020,REC-20050001,6.0,,6.0,2.0,10.0
SP-FK026,SP-FK026.pdf,21/07/2020,ISS-63070217,,1.0,5.0,2.0,10.0
SP-FK026,SP-FK026.pdf,02/04/2021,REC-21040054,10.0,,15.0,2.0,10.0
SP-FK026,SP-FK026.pdf,24/11/2022,ISS-65111234,,1.0,14.0,2.0,10.0
SP-FK026,SP-FK026.pdf,23/05/2024,ISS-67050531,,1.0,13.0,2.0,10.0
SP-FK026,SP-FK026.pdf,08/06/2024,ISS-67060587,,1.0,12.0,2.0,10.0
SP-FK026,SP-FK026.pdf,17/06/2024,ISS-67060624,,1.0,11.0,2.0,10.0
SP-FK026,SP-FK026.pdf,18/06/2024,ISS-67060623,,1.0,10.0,2.0,10.0
SP-FK026,SP-FK026.pdf,27/06/2024,ISS-67060665,,1.0,9.0,2.0,10.0
SP-FK026,SP-FK026.pdf,22/07/2024,ISS-67070791,,1.0,8.0,2.0,10.0
SP-FK026,SP-FK026.pdf,15/08/2024,ISS-67080853,,1.0,7.0,2.0,10.0
SP-FK026,SP-FK026.pdf,15/08/2024,ISS-67080854,,1.0,6.0,2.0,10.0
SP-FK026,SP-FK026.pdf,29/08/2024,ISS-67080935,,1.0,5.0,2.0,10.0
SP-FK026,SP-FK026.pdf,18/09/2024,ISS-67091022,,2.0,3.0,2.0,10.0
SP-FK026,SP-FK026.pdf,05/03/2025,REC-25030033,10.0,,13.0,2.0,10.0
SP-FK026,SP-FK026.pdf,25/03/2025,ISS-68030336,,1.0,12.0,2.0,10.0
SP-FK026,SP-FK026.pdf,03/02/2026,ISS-69020124,,2.0,10.0,2.0,10.0
SP-FK026,SP-FK026.pdf,03/02/2026,ISS-69020125,,2.0,8.0,2.0,10.0
SP-FK027,SP-FK027.pdf,18/05/2020,REC-20050001,9.0,,9.0,2.0,6.0
SP-FK028,SP-FK028.pdf,18/05/2020,REC-20050001,1.0,,1.0,2.0,4.0
SP-FK028,SP-FK028.pdf,12/06/2020,REC-20060045,2.0,,3.0,2.0,4.0
SP-FK028,SP-FK028.pdf,15/09/2020,ISS-63090390,,1.0,2.0,2.0,4.0
SP-FK028,SP-FK028.pdf,16/08/2023,ISS-66080823,,1.0,1.0,2.0,4.0
SP-FK029,SP-FK029.pdf,18/05/2020,REC-20050001,3.0,,3.0,2.0,10.0
SP-FK030,SP-FK030.pdf,18/05/2020,REC-20050001,2.0,,2.0,2.0,4.0
SP-FK030,SP-FK030.pdf,12/12/2022,ISS-65121307,,1.0,1.0,2.0,4.0
SP-FK031,SP-FK031.pdf,18/05/2020,REC-20050001,4.0,,4.0,2.0,4.0
SP-FK032,SP-FK032.pdf,18/05/2020,REC-20050022,8.0,,8.0,,
SP-FK032,SP-FK032.pdf,11/06/2025,ISS-68060702,,1.0,7.0,,
SP-FK033,SP-FK033.pdf,18/05/2020,REC-20050023,8.0,,8.0,,
SP-FK033,SP-FK033.pdf,19/05/2022,ISS-65050480,,1.0,7.0,,
SP-FK033,SP-FK033.pdf,11/06/2025,ISS-68060702,,1.0,6.0,,
SP-FK034,SP-FK034.pdf,18/05/2020,REC-20050024,4.0,,4.0,,
SP-FK034,SP-FK034.pdf,23/07/2020,ISS-63070226,,2.0,2.0,,
SP-FK034,SP-FK034.pdf,13/08/2020,ISS-63080283,,2.0,0.0,,
SP-FK034,SP-FK034.pdf,05/10/2020,REC-21020027,2.0,,2.0,,
SP-FK034,SP-FK034.pdf,06/02/2021,REC-21020028,4.0,,6.0,,
SP-FK034,SP-FK034.pdf,07/02/2021,ISS-64020207,,2.0,4.0,,
SP-FK034,SP-FK034.pdf,05/03/2021,ISS-64030242,,2.0,2.0,,
SP-FK034,SP-FK034.pdf,02/04/2021,REC-21040068,4.0,,6.0,,
SP-FK034,SP-FK034.pdf,04/10/2021,ISS-64100950,,2.0,4.0,,
SP-FK034,SP-FK034.pdf,21/12/2021,ISS-64121227,,2.0,2.0,,
SP-FK034,SP-FK034.pdf,07/08/2024,REC-24080114,2.0,,4.0,,
SP-FK034,SP-FK034.pdf,09/08/2024,ISS-67080836,,2.0,2.0,,
SP-FK034,SP-FK034.pdf,07/10/2024,REC-24100163,6.0,,8.0,,
SP-FK034,SP-FK034.pdf,13/03/2025,ISS-68030272,,2.0,6.0,,
SP-FK034,SP-FK034.pdf,10/04/2025,REC-25040048,1.0,,7.0,,
SP-FK034,SP-FK034.pdf,26/05/2025,REC-25050092,2.0,,9.0,,
SP-FK034,SP-FK034.pdf,02/06/2025,ISS-68060648,,1.0,8.0,,
SP-FK034,SP-FK034.pdf,16/07/2025,ISS-68070848,,1.0,7.0,,
SP-FK034,SP-FK034.pdf,21/08/2025,ISS-68080980,,2.0,5.0,,
SP-FK034,SP-FK034.pdf,06/09/2025,ISS-68091116,,2.0,3.0,,
SP-FK034,SP-FK034.pdf,27/09/2025,ISS-68091118,,2.0,1.0,,
SP-FK035,SP-FK035.pdf,18/05/2020,REC-20050025,2.0,,2.0,,
SP-FK036,SP-FK036.pdf,18/05/2020,REC-20050026,2.0,,2.0,,
SP-FK037,SP-FK037.pdf,18/05/2020,REC-20050027,2.0,,2.0,,
SP-FK037,SP-FK037.pdf,06/10/2020,ISS-63100455,,1.0,1.0,,
SP-FK037,SP-FK037.pdf,28/10/2020,ISS-63100525,,1.0,0.0,,
SP-FK037,SP-FK037.pdf,29/04/2022,REC-22050046,2.0,,2.0,,
SP-FK037,SP-FK037.pdf,03/05/2022,ISS-65050400,,1.0,1.0,,
SP-FK037,SP-FK037.pdf,19/05/2022,ISS-65050481,,1.0,0.0,,
SP-FK037,SP-FK037.pdf,04/01/2023,REC-23010001,2.0,,2.0,,
SP-FK037,SP-FK037.pdf,11/01/2023,ISS-66010038,,1.0,1.0,,
SP-FK037,SP-FK037.pdf,01/03/2023,ISS-66030278,,1.0,0.0,,
SP-FK037,SP-FK037.pdf,30/09/2023,REC-23100137,2.0,,2.0,,
SP-FK037,SP-FK037.pdf,05/10/2023,ISS-66101056,,1.0,1.0,,
SP-FK037,SP-FK037.pdf,19/10/2023,ISS-66101116,,1.0,0.0,,
SP-FK037,SP-FK037.pdf,01/02/2024,REC-24020018,1.0,,1.0,,
SP-FK037,SP-FK037.pdf,01/02/2024,REC-24020019,1.0,,2.0,,
SP-FK037,SP-FK037.pdf,19/02/2024,ISS-67020158,,1.0,1.0,,
SP-FK037,SP-FK037.pdf,11/03/2024,ISS-67030246,,1.0,0.0,,
SP-FK037,SP-FK037.pdf,02/11/2024,REC-24110186,2.0,,2.0,,
SP-FK037,SP-FK037.pdf,16/01/2025,ISS-68010057,,1.0,1.0,,
SP-FK037,SP-FK037.pdf,19/05/2025,REC-25050084,3.0,,4.0,,
SP-FK037,SP-FK037.pdf,20/05/2025,ISS-68121470,,1.0,3.0,,
SP-FK037,SP-FK037.pdf,03/12/2025,ISS-68121392,,1.0,2.0,,
SP-FK037,SP-FK037.pdf,12/05/2026,ISS-69050466,,1.0,1.0,,
SP-FK038,SP-FK038.pdf,18/05/2020,REC-20050002,1.0,,1.0,2.0,4.0
SP-FK038,SP-FK038.pdf,06/06/2020,REC-20060044,2.0,,3.0,2.0,4.0
SP-FK038,SP-FK038.pdf,09/07/2020,ISS-63070163,,1.0,2.0,2.0,4.0
SP-FK038,SP-FK038.pdf,15/09/2021,ISS-64090874,,1.0,1.0,2.0,4.0
SP-FK038,SP-FK038.pdf,29/04/2022,REC-22050046,2.0,,3.0,2.0,4.0
SP-FK038,SP-FK038.pdf,27/12/2022,ISS-65121361,,1.0,2.0,2.0,4.0
SP-FK038,SP-FK038.pdf,19/08/2023,ISS-66080838,,1.0,1.0,2.0,4.0
SP-FK038,SP-FK038.pdf,02/01/2024,ISS-67010001,,1.0,0.0,2.0,4.0
SP-FK038,SP-FK038.pdf,01/02/2024,REC-24020018,1.0,,1.0,2.0,4.0
SP-FK038,SP-FK038.pdf,01/02/2024,REC-24020019,1.0,,2.0,2.0,4.0
SP-FK038,SP-FK038.pdf,19/02/2024,ISS-67020158,,1.0,1.0,2.0,4.0
SP-FK038,SP-FK038.pdf,31/05/2024,ISS-67050552,,1.0,0.0,2.0,4.0
SP-FK038,SP-FK038.pdf,02/11/2024,REC-24110186,2.0,,2.0,2.0,4.0
SP-FK038,SP-FK038.pdf,13/11/2024,ISS-67111308,,1.0,1.0,2.0,4.0
SP-FK038,SP-FK038.pdf,21/11/2024,ISS-67111333,,1.0,0.0,2.0,4.0
SP-FK038,SP-FK038.pdf,27/12/2024,REC-25010001,1.0,,1.0,2.0,4.0
SP-FK038,SP-FK038.pdf,23/01/2025,ISS-68010081,,1.0,0.0,2.0,4.0
SP-FK038,SP-FK038.pdf,21/04/2025,REC-25040055,1.0,,1.0,2.0,4.0
SP-FK038,SP-FK038.pdf,22/04/2025,ISS-68040449,,1.0,0.0,2.0,4.0
SP-FK038,SP-FK038.pdf,19/05/2025,REC-25050084,3.0,,3.0,2.0,4.0
SP-FK038,SP-FK038.pdf,26/05/2025,ISS-68050608,,1.0,2.0,2.0,4.0
SP-FK038,SP-FK038.pdf,11/06/2025,ISS-68060701,,1.0,1.0,2.0,4.0
SP-FK038,SP-FK038.pdf,30/10/2025,ISS-68121405,,1.0,0.0,2.0,4.0
SP-FK038,SP-FK038.pdf,15/12/2025,REC-25120226,2.0,,2.0,2.0,4.0
SP-FK038,SP-FK038.pdf,19/03/2026,REC-26030055,4.0,,6.0,2.0,4.0
SP-FK038,SP-FK038.pdf,12/05/2026,ISS-69050466,,1.0,5.0,2.0,4.0
SP-FK039,SP-FK039.pdf,06/06/2020,REC-20060044,1.0,,1.0,,
SP-FK039,SP-FK039.pdf,09/07/2020,ISS-63070164,,1.0,0.0,,
SP-FK040,SP-FK040.pdf,06/06/2020,REC-20060044,1.0,,1.0,,
SP-FK040,SP-FK040.pdf,22/09/2020,ISS-63090411,,1.0,0.0,,
SP-FK041,SP-FK041.pdf,12/06/2020,REC-20060045,2.0,,2.0,,
SP-FK041,SP-FK041.pdf,14/11/2020,ISS-63110595,,1.0,1.0,,
SP-FK042,SP-FK042.pdf,12/06/2020,REC-20060046,4.0,,4.0,,
SP-FK043,SP-FK043.pdf,12/06/2020,REC-20060046,4.0,,4.0,,
SP-FK043,SP-FK043.pdf,24/06/2020,ISS-63060107,,2.0,2.0,,
SP-FK044,SP-FK044.pdf,12/06/2020,REC-20060047,4.0,,4.0,,
SP-FK044,SP-FK044.pdf,17/06/2020,ISS-63060086,,4.0,0.0,,
SP-FK045,SP-FK045.pdf,12/06/2020,REC-20060045,2.0,,2.0,,
SP-FK046,SP-FK046.pdf,22/08/2020,REC-20080095,8.0,,8.0,,
SP-FK046,SP-FK046.pdf,28/08/2020,ISS-63080336,,8.0,0.0,,
SP-FK046,SP-FK046.pdf,16/10/2020,REC-20100125,8.0,,8.0,,
SP-FK046,SP-FK046.pdf,20/10/2020,ISS-63100493,,4.0,4.0,,
SP-FK046,SP-FK046.pdf,09/08/2024,ISS-67080837,,1.0,3.0,,
SP-FK046,SP-FK046.pdf,10/09/2024,ISS-67090994,,1.0,2.0,,
SP-FK046,SP-FK046.pdf,28/11/2024,ISS-67111368,,2.0,0.0,,
SP-FK046,SP-FK046.pdf,05/03/2025,REC-25030025,3.0,,3.0,,
SP-FK046,SP-FK046.pdf,21/03/2025,ISS-68030318,,2.0,1.0,,
SP-FK047,SP-FK047.pdf,05/10/2020,REC-20100113,1.0,,1.0,,
SP-FK047,SP-FK047.pdf,06/10/2020,ISS-63100457,,1.0,0.0,,
SP-FK047,SP-FK047.pdf,26/10/2020,REC-20100132,1.0,,1.0,,
SP-FK047,SP-FK047.pdf,26/11/2020,REC-20120156,1.0,,2.0,,
SP-FK047,SP-FK047.pdf,15/01/2021,REC-21010010,1.0,,3.0,,
SP-FK047,SP-FK047.pdf,26/09/2023,REC-23100136,1.0,,4.0,,
SP-FK047,SP-FK047.pdf,05/10/2023,ISS-66101057,,1.0,3.0,,
SP-FK048,SP-FK048.pdf,15/01/2021,REC-21010011,1.0,,1.0,0.0,2.0
SP-FK048,SP-FK048.pdf,23/04/2025,REC-25050071,2.0,,3.0,0.0,2.0
SP-FK048,SP-FK048.pdf,06/05/2025,ISS-68050575,,1.0,2.0,0.0,2.0
SP-FK048,SP-FK048.pdf,17/05/2025,ISS-68050576,,1.0,1.0,0.0,2.0
SP-FK049,SP-FK049.pdf,30/01/2021,REC-21010015,2.0,,2.0,1.0,2.0
SP-FK049,SP-FK049.pdf,24/08/2023,ISS-66080865,,1.0,1.0,1.0,2.0
SP-FK049,SP-FK049.pdf,09/07/2025,ISS-68070817,,1.0,0.0,1.0,2.0
SP-FK049,SP-FK049.pdf,19/03/2026,REC-26030055,5.0,,5.0,1.0,2.0
SP-FK050,SP-FK050.pdf,02/04/2021,REC-21040071,1.0,,1.0,1.0,1.0
SP-FK051,SP-FK051.pdf,16/10/2020,REC-21020030,2.0,,2.0,1.0,4.0
SP-FK051,SP-FK051.pdf,02/04/2021,REC-21040053,4.0,,6.0,1.0,4.0
SP-FK052,SP-FK052.pdf,15/10/2018,REC-21020029,1.0,,1.0,1.0,4.0
SP-FK052,SP-FK052.pdf,02/04/2021,REC-21040068,6.0,,7.0,1.0,4.0
SP-FK052,SP-FK052.pdf,10/01/2022,ISS-65010034,,2.0,5.0,1.0,4.0
SP-FK052,SP-FK052.pdf,13/05/2022,ISS-65050447,,2.0,3.0,1.0,4.0
SP-FK052,SP-FK052.pdf,27/10/2022,ISS-65101101,,2.0,1.0,1.0,4.0
SP-FK052,SP-FK052.pdf,07/10/2024,REC-24100163,6.0,,7.0,1.0,4.0
SP-FK052,SP-FK052.pdf,27/09/2025,ISS-68091115,,2.0,5.0,1.0,4.0
SP-FK052,SP-FK052.pdf,27/03/2026,ISS-69030326,,2.0,3.0,1.0,4.0
SP-FK053,SP-FK053.pdf,15/10/2018,REC-21020029,2.0,,2.0,1.0,4.0
SP-FK054,SP-FK054.pdf,25/05/2019,REC-21030042,3.0,,3.0,0.0,3.0
SP-FK054,SP-FK054.pdf,16/12/2019,ISS-64030287,,1.0,2.0,0.0,3.0
SP-FK054,SP-FK054.pdf,25/02/2021,ISS-64030288,,2.0,0.0,0.0,3.0
SP-FK054,SP-FK054.pdf,02/04/2021,REC-21040071,3.0,,3.0,0.0,3.0
SP-FK054,SP-FK054.pdf,20/05/2021,ISS-64050525,,2.0,1.0,0.0,3.0
SP-FK054,SP-FK054.pdf,15/09/2021,ISS-64090874,,1.0,0.0,0.0,3.0
SP-FK054,SP-FK054.pdf,06/01/2022,REC-22010001,3.0,,3.0,0.0,3.0
SP-FK054,SP-FK054.pdf,07/05/2022,REC-22050047,1.0,,4.0,0.0,3.0
SP-FK054,SP-FK054.pdf,27/12/2022,ISS-65121361,,2.0,2.0,0.0,3.0
SP-FK054,SP-FK054.pdf,27/02/2023,ISS-66020264,,1.0,1.0,0.0,3.0
SP-FK054,SP-FK054.pdf,13/11/2023,ISS-66111212,,1.0,0.0,0.0,3.0
SP-FK054,SP-FK054.pdf,22/03/2024,REC-24030041,1.0,,1.0,0.0,3.0
SP-FK054,SP-FK054.pdf,09/09/2024,ISS-67090986,,1.0,0.0,0.0,3.0
SP-FK054,SP-FK054.pdf,07/10/2024,REC-24100163,1.0,,1.0,0.0,3.0
SP-FK054,SP-FK054.pdf,22/10/2024,ISS-67101206,,1.0,0.0,0.0,3.0
SP-FK054,SP-FK054.pdf,01/02/2025,REC-25020010,1.0,,1.0,0.0,3.0
SP-FK054,SP-FK054.pdf,03/02/2025,ISS-68020116,,1.0,0.0,0.0,3.0
SP-FK054,SP-FK054.pdf,05/03/2025,REC-25030025,4.0,,4.0,0.0,3.0
SP-FK054,SP-FK054.pdf,06/03/2025,ISS-68030273,,1.0,3.0,0.0,3.0
SP-FK054,SP-FK054.pdf,27/03/2025,ISS-68030343,,1.0,2.0,0.0,3.0
SP-FK054,SP-FK054.pdf,04/04/2025,ISS-68040385,,1.0,1.0,0.0,3.0
SP-FK054,SP-FK054.pdf,19/05/2025,REC-25050084,3.0,,4.0,0.0,3.0
SP-FK054,SP-FK054.pdf,26/05/2025,REC-25050092,2.0,,6.0,0.0,3.0
SP-FK054,SP-FK054.pdf,27/05/2025,ISS-68050615,,1.0,5.0,0.0,3.0
SP-FK054,SP-FK054.pdf,08/01/2026,ISS-69010020,,1.0,4.0,0.0,3.0
SP-FK054,SP-FK054.pdf,10/01/2026,ISS-69010028,,2.0,2.0,0.0,3.0
SP-FK054,SP-FK054.pdf,12/05/2026,ISS-69050466,,1.0,1.0,0.0,3.0
SP-FK055,SP-FK055.pdf,23/04/2021,REC-21040098,4.0,,4.0,2.0,6.0
SP-FK055,SP-FK055.pdf,16/11/2023,ISS-66111222,,1.0,3.0,2.0,6.0
SP-FK055,SP-FK055.pdf,21/12/2023,ISS-66121347,,1.0,2.0,2.0,6.0
SP-FK055,SP-FK055.pdf,20/03/2024,ISS-67030281,,2.0,0.0,2.0,6.0
SP-FK055,SP-FK055.pdf,08/10/2024,REC-24100164,4.0,,4.0,2.0,6.0
SP-FK055,SP-FK055.pdf,27/11/2024,ISS-67111360,,2.0,2.0,2.0,6.0
SP-FK055,SP-FK055.pdf,11/11/2025,ISS-68111304,,1.0,1.0,2.0,6.0
SP-FK055,SP-FK055.pdf,27/07/2026,ISS-69070742,,1.0,0.0,2.0,6.0
SP-FK056,SP-FK056.pdf,02/04/2021,REC-21040071,1.0,,1.0,1.0,2.0
SP-FK056,SP-FK056.pdf,23/04/2021,ISS-64040406,,1.0,0.0,1.0,2.0
SP-FK056,SP-FK056.pdf,29/04/2021,REC-21040099,1.0,,1.0,1.0,2.0
SP-FK056,SP-FK056.pdf,15/09/2021,ISS-64090875,,1.0,0.0,1.0,2.0
SP-FK056,SP-FK056.pdf,06/01/2022,REC-22010001,3.0,,3.0,1.0,2.0
SP-FK056,SP-FK056.pdf,27/02/2023,ISS-66020264,,1.0,2.0,1.0,2.0
SP-FK056,SP-FK056.pdf,13/11/2023,ISS-66111211,,1.0,1.0,1.0,2.0
SP-FK056,SP-FK056.pdf,05/02/2024,ISS-67020119,,1.0,0.0,1.0,2.0
SP-FK056,SP-FK056.pdf,21/06/2024,REC-24060090,1.0,,1.0,1.0,2.0
SP-FK056,SP-FK056.pdf,23/08/2024,ISS-67080903,,1.0,0.0,1.0,2.0
SP-FK056,SP-FK056.pdf,07/10/2024,REC-24100163,3.0,,3.0,1.0,2.0
SP-FK056,SP-FK056.pdf,22/10/2024,ISS-67101206,,1.0,2.0,1.0,2.0
SP-FK056,SP-FK056.pdf,13/12/2024,ISS-67121446,,1.0,1.0,1.0,2.0
SP-FK056,SP-FK056.pdf,15/03/2025,ISS-68060756,,1.0,0.0,1.0,2.0
SP-FK056,SP-FK056.pdf,23/06/2025,REC-25060111,2.0,,2.0,1.0,2.0
SP-FK057,SP-FK057.pdf,02/04/2021,REC-21040070,3.0,,3.0,1.0,4.0
SP-FK057,SP-FK057.pdf,28/04/2021,ISS-64040423,,1.0,2.0,1.0,4.0
SP-FK057,SP-FK057.pdf,15/09/2021,ISS-64090876,,2.0,0.0,1.0,4.0
SP-FK057,SP-FK057.pdf,06/01/2022,REC-22010001,10.0,,10.0,1.0,4.0
SP-FK057,SP-FK057.pdf,06/01/2022,REC-22120172,10.0,,20.0,1.0,4.0
SP-FK057,SP-FK057.pdf,01/04/2022,ISS-65040311,,2.0,18.0,1.0,4.0
SP-FK057,SP-FK057.pdf,01/06/2022,ISS-65060526,,1.0,17.0,1.0,4.0
SP-FK057,SP-FK057.pdf,06/06/2022,ISS-65060547,,1.0,16.0,1.0,4.0
SP-FK057,SP-FK057.pdf,20/08/2022,ISS-65080827,,1.0,15.0,1.0,4.0
SP-FK057,SP-FK057.pdf,11/11/2022,ISS-65111169,,1.0,14.0,1.0,4.0
SP-FK057,SP-FK057.pdf,15/11/2022,ISS-65111185,,1.0,13.0,1.0,4.0
SP-FK057,SP-FK057.pdf,22/11/2022,ISS-65111225,,1.0,12.0,1.0,4.0
SP-FK057,SP-FK057.pdf,22/11/2022,ISS-65111226,,1.0,11.0,1.0,4.0
SP-FK057,SP-FK057.pdf,15/12/2022,ISS-65121324,,1.0,10.0,1.0,4.0
SP-FK057,SP-FK057.pdf,12/01/2023,ISS-66010039,,1.0,9.0,1.0,4.0
SP-FK057,SP-FK057.pdf,29/05/2023,ISS-66050556,,2.0,7.0,1.0,4.0
SP-FK057,SP-FK057.pdf,19/08/2023,ISS-66080837,,1.0,6.0,1.0,4.0
SP-FK057,SP-FK057.pdf,09/07/2024,ISS-68091020,,1.0,5.0,1.0,4.0
SP-FK057,SP-FK057.pdf,30/10/2024,ISS-67101252,,2.0,3.0,1.0,4.0
SP-FK057,SP-FK057.pdf,09/11/2024,ISS-67111295,,1.0,2.0,1.0,4.0
SP-FK057,SP-FK057.pdf,26/11/2024,ISS-67111349,,1.0,1.0,1.0,4.0
SP-FK057,SP-FK057.pdf,23/05/2025,ISS-68050600,,1.0,0.0,1.0,4.0
SP-FK057,SP-FK057.pdf,01/12/2025,REC-25120214,10.0,,10.0,1.0,4.0
SP-FK057,SP-FK057.pdf,01/12/2025,ISS-68121381,,2.0,8.0,1.0,4.0
SP-FK058,SP-FK058.pdf,12/04/2018,REC-21070143,2.0,,2.0,0.0,2.0
SP-FK058,SP-FK058.pdf,12/04/2018,REC-21070145,1.0,,3.0,0.0,2.0
SP-FK058,SP-FK058.pdf,16/04/2018,ISS-64070667,,1.0,2.0,0.0,2.0
SP-FK058,SP-FK058.pdf,21/04/2018,ISS-64070668,,1.0,1.0,0.0,2.0
SP-FK058,SP-FK058.pdf,09/06/2020,ISS-64070678,,1.0,0.0,0.0,2.0
SP-FK058,SP-FK058.pdf,19/08/2021,REC-21080158,4.0,,4.0,0.0,2.0
SP-FK058,SP-FK058.pdf,20/08/2021,ISS-64080777,,2.0,2.0,0.0,2.0
SP-FK060,SP-FK060.pdf,22/03/2024,REC-24030041,2.0,,2.0,1.0,4.0
SP-FK060,SP-FK060.pdf,17/10/2024,ISS-67101189,,2.0,0.0,1.0,4.0
SP-FK061,SP-FK061.pdf,10/03/2025,REC-25030024,1.0,,1.0,1.0,2.0
SP-FK061,SP-FK061.pdf,19/03/2026,REC-26030056,2.0,,3.0,1.0,2.0
SP-FK062,SP-FK062.pdf,05/03/2025,REC-25030025,1.0,,1.0,1.0,2.0
SP-FK062,SP-FK062.pdf,19/03/2026,REC-26030056,1.0,,2.0,1.0,2.0
SP-FK063,SP-FK063.pdf,05/03/2025,REC-25030025,1.0,,1.0,1.0,2.0
SP-FK064,SP-FK064.pdf,18/04/2022,REC-22040040,2.0,,2.0,1.0,2.0
SP-FK064,SP-FK064.pdf,19/04/2022,ISS-65040348,,1.0,1.0,1.0,2.0
SP-FK065,SP-FK065.pdf,24/07/2023,REC-23070104,5.0,,5.0,2.0,10.0
SP-FK065,SP-FK065.pdf,06/09/2023,ISS-66090925,,1.0,4.0,2.0,10.0
SP-FK066,SP-FK066.pdf,26/09/2023,REC-23100136,1.0,,1.0,1.0,2.0
SP-FK067,SP-FK067.pdf,06/10/2023,REC-23100144,1.0,,1.0,0.0,1.0
SP-FK067,SP-FK067.pdf,10/05/2024,ISS-67050466,,1.0,0.0,0.0,1.0
SP-FK068,SP-FK068.pdf,18/05/2020,REC-23100155,1.0,,1.0,1.0,2.0
SP-FK068,SP-FK068.pdf,20/10/2023,ISS-66101125,,1.0,0.0,1.0,2.0
SP-FK069,SP-FK069.pdf,18/05/2020,REC-23100155,1.0,,1.0,1.0,2.0
SP-FK069,SP-FK069.pdf,20/10/2023,ISS-66101125,,1.0,0.0,1.0,2.0
SP-FK070,SP-FK070.pdf,22/03/2024,REC-24030041,1.0,,1.0,0.0,1.0
SP-FK070,SP-FK070.pdf,06/04/2024,REC-24040047,2.0,,3.0,0.0,1.0
SP-FK070,SP-FK070.pdf,09/09/2024,ISS-67090986,,1.0,2.0,0.0,1.0
SP-FK070,SP-FK070.pdf,03/02/2025,ISS-68020108,,1.0,1.0,0.0,1.0
SP-FK070,SP-FK070.pdf,27/03/2025,ISS-68030343,,1.0,0.0,0.0,1.0
SP-FK070,SP-FK070.pdf,19/05/2025,REC-25050084,3.0,,3.0,0.0,1.0
SP-FK070,SP-FK070.pdf,26/05/2025,REC-25050092,2.0,,5.0,0.0,1.0
SP-FK070,SP-FK070.pdf,10/06/2025,ISS-68060697,,1.0,4.0,0.0,1.0
SP-FK070,SP-FK070.pdf,21/06/2025,ISS-68060751,,1.0,3.0,0.0,1.0
SP-FK070,SP-FK070.pdf,21/06/2025,ISS-68060757,,1.0,2.0,0.0,1.0
SP-FK070,SP-FK070.pdf,21/06/2025,ISS-68060759,,1.0,1.0,0.0,1.0
SP-FK070,SP-FK070.pdf,26/06/2025,REC-25060115,1.0,,2.0,0.0,1.0
SP-FK070,SP-FK070.pdf,08/01/2026,ISS-69010020,,1.0,1.0,0.0,1.0
SP-FK070,SP-FK070.pdf,12/05/2026,ISS-69050466,,1.0,0.0,0.0,1.0
SP-FK071,SP-FK071.pdf,22/04/2024,REC-24040051,2.0,,2.0,1.0,2.0
SP-FK071,SP-FK071.pdf,29/04/2024,ISS-67040427,,2.0,0.0,1.0,2.0
SP-FK072,SP-FK072.pdf,16/07/2024,REC-24070100,4.0,,4.0,0.0,4.0
SP-FK073,SP-FK073.pdf,16/07/2024,REC-24070100,4.0,,4.0,0.0,4.0
SP-FK073,SP-FK073.pdf,01/02/2025,ISS-68020103,,1.0,3.0,0.0,4.0
SP-FK074,SP-FK074.pdf,16/07/2024,REC-24070100,1.0,,1.0,0.0,1.0
SP-FK075,SP-FK075.pdf,16/07/2024,REC-24070100,1.0,,1.0,0.0,1.0
SP-FK075,SP-FK075.pdf,18/01/2025,ISS-68010071,,1.0,0.0,0.0,1.0
SP-FK076,SP-FK076.pdf,16/07/2024,REC-24070100,1.0,,1.0,0.0,1.0
SP-FK076,SP-FK076.pdf,06/09/2024,ISS-67090975,,1.0,0.0,0.0,1.0
SP-FK077,SP-FK077.pdf,16/07/2024,REC-24070100,3.0,,3.0,0.0,3.0
SP-FK078,SP-FK078.pdf,23/05/2024,REC-24070110,2.0,,2.0,1.0,2.0
SP-FK078,SP-FK078.pdf,20/09/2024,ISS-67091028,,1.0,1.0,1.0,2.0
SP-FK079,SP-FK079.pdf,07/10/2024,REC-24100163,2.0,,2.0,1.0,2.0
SP-FK080,SP-FK080.pdf,05/03/2025,REC-25030025,1.0,,1.0,0.0,1.0
SP-FK082,SP-FK082.pdf,10/03/2025,REC-25030024,2.0,,2.0,0.0,1.0
SP-FK082,SP-FK082.pdf,19/03/2026,REC-26030056,3.0,,5.0,0.0,1.0
SP-FK083,SP-FK083.pdf,27/03/2025,REC-25040040,2.0,,2.0,1.0,2.0
SP-FK083,SP-FK083.pdf,28/03/2025,ISS-68040401,,1.0,1.0,1.0,2.0
SP-FK083,SP-FK083.pdf,27/08/2025,REC-25080156,2.0,,3.0,1.0,2.0
SP-FK084,SP-FK084.pdf,04/04/2025,REC-25040041,1.0,,1.0,1.0,1.0
SP-FK084,SP-FK084.pdf,19/08/2025,ISS-68080975,,1.0,0.0,1.0,1.0
SP-FK084,SP-FK084.pdf,19/03/2026,REC-26030055,1.0,,1.0,1.0,1.0
SP-FK085,SP-FK085.pdf,16/04/2025,REC-25040051,2.0,,2.0,1.0,2.0
SP-FK086,SP-FK086.pdf,16/04/2025,REC-25040051,2.0,,2.0,1.0,2.0
SP-FK087,SP-FK087.pdf,16/04/2025,REC-25040050,1.0,,1.0,1.0,2.0
SP-FK087,SP-FK087.pdf,16/04/2025,ISS-68040403,,1.0,0.0,1.0,2.0
SP-FK087,SP-FK087.pdf,22/04/2025,REC-25040059,2.0,,2.0,1.0,2.0
SP-FK087,SP-FK087.pdf,23/04/2025,ISS-68091067,,1.0,1.0,1.0,2.0
SP-FK087,SP-FK087.pdf,10/09/2025,ISS-68091068,,1.0,0.0,1.0,2.0
SP-FK087,SP-FK087.pdf,19/03/2026,REC-26030055,6.0,,6.0,1.0,2.0
SP-FK087,SP-FK087.pdf,19/03/2026,ISS-69030290,,3.0,3.0,1.0,2.0
SP-FK088,SP-FK088.pdf,23/04/2025,REC-25040056,2.0,,2.0,1.0,2.0
SP-FK089,SP-FK089.pdf,30/04/2025,REC-25040065,2.0,,2.0,1.0,2.0
SP-FK089,SP-FK089.pdf,25/08/2025,REC-25080155,2.0,,4.0,1.0,2.0
SP-FK089,SP-FK089.pdf,26/08/2025,ISS-68080989,,1.0,3.0,1.0,2.0
SP-FK089,SP-FK089.pdf,19/03/2026,REC-26030056,2.0,,5.0,1.0,2.0
SP-FK090,SP-FK090.pdf,30/04/2025,REC-25040065,2.0,,2.0,1.0,2.0
SP-FK091,SP-FK091.pdf,30/04/2025,REC-25040065,2.0,,2.0,1.0,2.0
SP-FK092,SP-FK092.pdf,30/04/2025,REC-25040065,2.0,,2.0,1.0,2.0
SP-FK093,SP-FK093.pdf,30/04/2025,REC-25040065,2.0,,2.0,1.0,2.0
SP-FK093,SP-FK093.pdf,25/08/2025,ISS-68091040,,1.0,1.0,1.0,2.0
SP-FK093,SP-FK093.pdf,05/09/2025,ISS-68091039,,1.0,0.0,1.0,2.0
SP-FK093,SP-FK093.pdf,17/03/2026,REC-26030052,1.0,,1.0,1.0,2.0
SP-FK093,SP-FK093.pdf,17/03/2026,REC-26030053,1.0,,2.0,1.0,2.0
SP-FK093,SP-FK093.pdf,19/03/2026,REC-26030056,4.0,,6.0,1.0,2.0
SP-FK094,SP-FK094.pdf,30/04/2025,REC-25040065,2.0,,2.0,1.0,2.0
SP-FK094,SP-FK094.pdf,19/03/2026,REC-26030056,4.0,,6.0,1.0,2.0
SP-FK095,SP-FK095.pdf,30/04/2025,REC-25040065,2.0,,2.0,1.0,2.0
SP-FK096,SP-FK096.pdf,30/04/2025,REC-25040065,2.0,,2.0,1.0,2.0
SP-FK097,SP-FK097.pdf,05/05/2025,REC-25050069,7.0,,7.0,2.0,4.0
SP-FK098,SP-FK098.pdf,05/05/2025,REC-25050069,1.0,,1.0,1.0,5.0
SP-FK098,SP-FK098.pdf,28/05/2025,ISS-68050620,,1.0,0.0,1.0,5.0
SP-FK099,SP-FK099.pdf,19/05/2025,REC-25050084,4.0,,4.0,1.0,4.0
SP-FK099,SP-FK099.pdf,20/05/2025,ISS-68050584,,2.0,2.0,1.0,4.0
SP-FK099,SP-FK099.pdf,30/09/2025,ISS-68091127,,2.0,0.0,1.0,4.0
SP-FK099,SP-FK099.pdf,01/12/2025,REC-25120214,4.0,,4.0,1.0,4.0
SP-FK100,SP-FK100.pdf,28/05/2025,REC-25050093,2.0,,2.0,1.0,2.0
SP-FK100,SP-FK100.pdf,28/05/2025,ISS-68050635,,1.0,1.0,1.0,2.0
SP-FK101,SP-FK101.pdf,28/05/2025,REC-25050093,2.0,,2.0,1.0,2.0
SP-FK101,SP-FK101.pdf,28/05/2025,ISS-68050635,,1.0,1.0,1.0,2.0
SP-FK104,SP-FK104.pdf,18/08/2025,REC-25080151,2.0,,2.0,1.0,2.0
SP-FK104,SP-FK104.pdf,20/08/2025,ISS-68080982,,1.0,1.0,1.0,2.0
SP-FK105,SP-FK105.pdf,18/08/2025,REC-25080151,2.0,,2.0,1.0,2.0
SP-FK105,SP-FK105.pdf,20/08/2025,ISS-68080982,,1.0,1.0,1.0,2.0
SP-FK106,SP-FK106.pdf,25/08/2025,REC-25080155,2.0,,2.0,1.0,2.0
SP-FK106,SP-FK106.pdf,26/08/2025,ISS-68080989,,1.0,1.0,1.0,2.0
SP-FK106,SP-FK106.pdf,19/03/2026,REC-26030056,2.0,,3.0,1.0,2.0
SP-FK107,SP-FK107.pdf,25/08/2025,REC-25080155,3.0,,3.0,1.0,3.0
SP-FK107,SP-FK107.pdf,26/08/2025,ISS-68080989,,2.0,1.0,1.0,3.0
SP-FK108,SP-FK108.pdf,26/08/2025,REC-25080154,1.0,,1.0,1.0,3.0
SP-FK110,SP-FK110.pdf,01/09/2025,REC-25090164,4.0,,4.0,2.0,12.0
SP-FK110,SP-FK110.pdf,04/09/2025,REC-25090163,12.0,,16.0,2.0,12.0
SP-FK110,SP-FK110.pdf,04/09/2025,ISS-68091027,,4.0,12.0,2.0,12.0
SP-FK110,SP-FK110.pdf,08/09/2025,ISS-68091047,,2.0,10.0,2.0,12.0
SP-FK110,SP-FK110.pdf,13/09/2025,ISS-68091074,,2.0,8.0,2.0,12.0
SP-FK113,SP-FK113.pdf,10/09/2025,REC-25090169,4.0,,4.0,1.0,4.0
SP-FK114,SP-FK114.pdf,10/09/2025,REC-25090169,4.0,,4.0,1.0,4.0
SP-FK115,SP-FK115.pdf,10/09/2025,REC-25090169,2.0,,2.0,1.0,2.0
SP-FK116,SP-FK116.pdf,22/09/2025,REC-25090173,4.0,,4.0,2.0,4.0
SP-FK117,SP-FK117.pdf,10/10/2025,REC-25100183,1.0,,1.0,1.0,2.0
SP-FK117,SP-FK117.pdf,12/01/2026,ISS-69010033,,1.0,0.0,1.0,2.0
SP-FK117,SP-FK117.pdf,04/02/2026,REC-26020025,2.0,,2.0,1.0,2.0
SP-FK117,SP-FK117.pdf,04/02/2026,ISS-69020135,,2.0,0.0,1.0,2.0
SP-FK117,SP-FK117.pdf,26/02/2026,REC-26020035,2.0,,2.0,1.0,2.0
SP-FK117,SP-FK117.pdf,14/03/2026,ISS-69030271,,1.0,1.0,1.0,2.0
SP-FK117,SP-FK117.pdf,26/03/2026,ISS-69030320,,1.0,0.0,1.0,2.0
SP-FK117,SP-FK117.pdf,02/04/2026,REC-26040064,3.0,,3.0,1.0,2.0
SP-FK118,SP-FK118.pdf,29/10/2025,REC-25100195,2.0,,2.0,1.0,2.0
SP-FK118,SP-FK118.pdf,11/12/2025,ISS-68121428,,1.0,1.0,1.0,2.0
SP-FK118,SP-FK118.pdf,16/01/2026,REC-26010011,4.0,,5.0,1.0,2.0
SP-FK119,SP-FK119.pdf,23/12/2025,REC-25120236,2.0,,2.0,1.0,2.0
SP-FK119,SP-FK119.pdf,23/12/2025,ISS-68121479,,1.0,1.0,1.0,2.0
SP-FK119,SP-FK119.pdf,12/01/2026,REC-26010004,2.0,,3.0,1.0,2.0
SP-FK120,SP-FK120.pdf,14/01/2026,REC-26010009,1.0,,1.0,1.0,2.0
SP-FK121,SP-FK121.pdf,14/01/2026,REC-26010009,1.0,,1.0,1.0,2.0
SP-FK121,SP-FK121.pdf,15/01/2026,ISS-69040387,,1.0,0.0,1.0,2.0
SP-FK121,SP-FK121.pdf,05/05/2026,REC-26050077,2.0,,2.0,1.0,2.0
SP-FK121,SP-FK121.pdf,05/05/2026,ISS-69050415,,1.0,1.0,1.0,2.0
SP-FK122,SP-FK122.pdf,28/10/2025,REC-26030040,4.0,,4.0,1.0,5.0
SP-FK123,SP-FK123.pdf,28/10/2025,REC-26030041,1.0,,1.0,1.0,2.0
SP-FK124,SP-FK124.pdf,17/03/2026,REC-26030053,2.0,,2.0,1.0,2.0
SP-FK124,SP-FK124.pdf,27/03/2026,ISS-69030327,,2.0,0.0,1.0,2.0
SP-FK125,SP-FK125.pdf,17/03/2026,REC-26030053,1.0,,1.0,1.0,1.0
SP-FK125,SP-FK125.pdf,27/03/2026,ISS-69030327,,1.0,0.0,1.0,1.0
SP-FK126,SP-FK126.pdf,19/03/2026,REC-26030056,2.0,,2.0,1.0,2.0
SP-FK127,SP-FK127.pdf,19/03/2026,REC-26030056,2.0,,2.0,1.0,2.0
SP-FK128,SP-FK128.pdf,19/03/2026,REC-26030056,2.0,,2.0,1.0,2.0
SP-FK129,SP-FK129.pdf,19/03/2026,REC-26030056,2.0,,2.0,1.0,2.0
SP-FK130,SP-FK130.pdf,26/05/2026,REC-26050101,1.0,,1.0,1.0,2.0
SP-FK130,SP-FK130.pdf,26/05/2026,ISS-69050516,,1.0,0.0,1.0,2.0
SP-FK130,SP-FK130.pdf,26/06/2026,REC-26070153,3.0,,3.0,1.0,2.0
SP-FK130,SP-FK130.pdf,26/06/2026,ISS-69070731,,1.0,2.0,1.0,2.0
SP-FK130,SP-FK130.pdf,22/07/2026,ISS-69070732,,1.0,1.0,1.0,2.0
SP-FK131,SP-FK131.pdf,27/05/2026,REC-26050104,2.0,,2.0,2.0,4.0
SP-FK133,SP-FK133.pdf,15/06/2026,REC-26060117,2.0,,2.0,1.0,2.0
SP-FL001,SP-FL001.pdf,18/05/2020,REC-20050001,27.0,,27.0,2.0,10.0
SP-FL002,SP-FL002.pdf,18/05/2020,REC-20050001,13.0,,13.0,2.0,10.0
SP-FL002,SP-FL002.pdf,27/02/2023,ISS-66020265,,1.0,12.0,2.0,10.0
SP-FL003,SP-FL003.pdf,18/05/2020,REC-20050001,1.0,,1.0,0.0,10.0
SP-FL004,SP-FL004.pdf,18/05/2020,REC-20050001,1.0,,1.0,0.0,10.0
SP-FL005,SP-FL005.pdf,18/05/2020,REC-20050001,8.0,,8.0,2.0,5.0
SP-FL006,SP-FL006.pdf,18/05/2020,REC-20050001,33.0,,33.0,4.0,10.0
SP-FL006,SP-FL006.pdf,03/09/2020,ISS-63090352,,2.0,31.0,4.0,10.0
SP-FL007,SP-FL007.pdf,18/05/2020,REC-20050001,3.0,,3.0,2.0,4.0
SP-FL008,SP-FL008.pdf,10/11/2020,REC-20110138,2.0,,2.0,,
SP-FL008,SP-FL008.pdf,11/11/2020,ISS-63110574,,1.0,1.0,,
SP-FL008,SP-FL008.pdf,11/05/2021,ISS-64050474,,1.0,0.0,,
SP-FL008,SP-FL008.pdf,14/06/2024,REC-24060085,2.0,,2.0,,
SP-FL008,SP-FL008.pdf,14/06/2024,REC-24060086,1.0,,3.0,,
SP-FL008,SP-FL008.pdf,19/06/2024,ISS-67060633,,1.0,2.0,,
SP-FL008,SP-FL008.pdf,07/08/2024,REC-24080115,2.0,,4.0,,
SP-FL008,SP-FL008.pdf,10/04/2025,REC-25040048,1.0,,5.0,,
SP-FL008,SP-FL008.pdf,07/06/2025,ISS-68060685,,1.0,4.0,,
SP-FL008,SP-FL008.pdf,16/06/2025,REC-25060108,1.0,,5.0,,
SP-FL008,SP-FL008.pdf,08/10/2025,ISS-68101156,,1.0,4.0,,
SP-FL009,SP-FL009.pdf,06/09/2022,REC-22090120,2.0,,2.0,1.0,2.0
SP-FL009,SP-FL009.pdf,06/09/2023,ISS-66090926,,2.0,0.0,1.0,2.0
SP-FL009,SP-FL009.pdf,14/10/2023,REC-23100153,2.0,,2.0,1.0,2.0
SP-FL010,SP-FL010.pdf,06/09/2022,REC-22090120,1.0,,1.0,0.0,1.0
SP-FL011,SP-FL011.pdf,14/06/2024,REC-24060084,1.0,,1.0,1.0,2.0
SP-FL011,SP-FL011.pdf,26/05/2025,REC-25050092,1.0,,2.0,1.0,2.0
SP-FQ001,SP-FQ001.pdf,28/05/2020,REC-20050040,1.0,,1.0,1.0,2.0
SP-FQ001,SP-FQ001.pdf,19/10/2020,ISS-63100488,,1.0,0.0,1.0,2.0
SP-FQ001,SP-FQ001.pdf,31/10/2020,REC-20110133,2.0,,2.0,1.0,2.0
SP-FQ001,SP-FQ001.pdf,02/11/2020,ISS-63110536,,1.0,1.0,1.0,2.0
SP-FQ001,SP-FQ001.pdf,14/11/2020,ISS-63110591,,1.0,0.0,1.0,2.0
SP-FQ001,SP-FQ001.pdf,16/12/2020,REC-20120161,2.0,,2.0,1.0,2.0
SP-FQ001,SP-FQ001.pdf,07/05/2021,ISS-64050453,,1.0,1.0,1.0,2.0
SP-FQ001,SP-FQ001.pdf,09/06/2021,ISS-64060584,,1.0,0.0,1.0,2.0
SP-FQ001,SP-FQ001.pdf,14/09/2021,REC-21090169,1.0,,1.0,1.0,2.0
SP-FQ001,SP-FQ001.pdf,17/09/2021,ISS-64090885,,1.0,0.0,1.0,2.0
SP-FQ001,SP-FQ001.pdf,18/12/2021,REC-21120209,3.0,,3.0,1.0,2.0
SP-FQ001,SP-FQ001.pdf,20/12/2021,ISS-64121220,,2.0,1.0,1.0,2.0
SP-FQ001,SP-FQ001.pdf,26/05/2022,ISS-65050503,,1.0,0.0,1.0,2.0
SP-FQ001,SP-FQ001.pdf,15/08/2023,REC-23080113,1.0,,1.0,1.0,2.0
SP-FQ001,SP-FQ001.pdf,29/09/2023,ISS-66091028,,1.0,0.0,1.0,2.0
SP-FQ001,SP-FQ001.pdf,15/07/2024,REC-24070099,2.0,,2.0,1.0,2.0
SP-FQ001,SP-FQ001.pdf,20/09/2024,ISS-67091026,,1.0,1.0,1.0,2.0
SP-FQ001,SP-FQ001.pdf,14/12/2024,ISS-67121452,,1.0,0.0,1.0,2.0
SP-FQ001,SP-FQ001.pdf,26/04/2025,REC-25040063,1.0,,1.0,1.0,2.0
SP-FQ001,SP-FQ001.pdf,25/09/2025,ISS-68091105,,1.0,0.0,1.0,2.0
SP-FQ001,SP-FQ001.pdf,02/10/2025,REC-25100180,1.0,,1.0,1.0,2.0
SP-FQ001,SP-FQ001.pdf,08/11/2025,ISS-68111295,,1.0,0.0,1.0,2.0
SP-FQ001,SP-FQ001.pdf,03/12/2025,REC-25120218,2.0,,2.0,1.0,2.0
SP-FQ001,SP-FQ001.pdf,04/12/2025,ISS-68121400,,1.0,1.0,1.0,2.0
SP-FQ001,SP-FQ001.pdf,25/02/2026,ISS-69020192,,1.0,0.0,1.0,2.0
SP-FQ001,SP-FQ001.pdf,04/06/2026,REC-26060110,2.0,,2.0,1.0,2.0
SP-FQ003,SP-FQ003.pdf,18/05/2020,REC-20050001,1.0,,1.0,0.0,10.0
SP-FQ004,SP-FQ004.pdf,18/05/2020,REC-20050001,1.0,,1.0,0.0,5.0
SP-FQ005,SP-FQ005.pdf,18/05/2020,REC-20050001,2.0,,2.0,1.0,2.0
SP-FQ005,SP-FQ005.pdf,09/06/2020,ISS-63060071,,2.0,0.0,1.0,2.0
SP-FQ006,SP-FQ006.pdf,18/05/2020,REC-20050001,2.0,,2.0,1.0,2.0
SP-FQ007,SP-FQ007.pdf,28/05/2020,REC-20050040,1.0,,1.0,1.0,2.0
SP-FQ007,SP-FQ007.pdf,02/11/2020,ISS-63110538,,1.0,0.0,1.0,2.0
SP-FQ007,SP-FQ007.pdf,12/11/2020,REC-20110139,1.0,,1.0,1.0,2.0
SP-FQ007,SP-FQ007.pdf,23/04/2021,ISS-64040407,,1.0,0.0,1.0,2.0
SP-FQ007,SP-FQ007.pdf,14/09/2021,REC-21090169,1.0,,1.0,1.0,2.0
SP-FQ007,SP-FQ007.pdf,18/12/2021,REC-21120209,2.0,,3.0,1.0,2.0
SP-FQ007,SP-FQ007.pdf,07/07/2022,ISS-65070677,,1.0,2.0,1.0,2.0
SP-FQ007,SP-FQ007.pdf,06/05/2023,ISS-66050487,,1.0,1.0,1.0,2.0
SP-FQ008,SP-FQ008.pdf,12/11/2020,REC-20110139,3.0,,3.0,,
SP-FQ008,SP-FQ008.pdf,05/05/2023,ISS-66050483,,1.0,2.0,,
SP-FQ009,SP-FQ009.pdf,22/10/2021,REC-21110192,4.0,,4.0,0.0,1.0
SP-FQ009,SP-FQ009.pdf,23/10/2021,ISS-64111073,,2.0,2.0,0.0,1.0
SP-FQ009,SP-FQ009.pdf,25/10/2021,ISS-64111074,,2.0,0.0,0.0,1.0
SP-FQ010,SP-FQ010.pdf,22/03/2024,REC-24030041,2.0,,2.0,1.0,2.0
SP-FQ010,SP-FQ010.pdf,20/05/2025,ISS-68050585,,2.0,0.0,1.0,2.0
SP-OT058,SP-OT058.pdf,19/02/2024,REC-24020021,1.0,,1.0,1.0,1.0
SP-OT058,SP-OT058.pdf,07/04/2025,ISS-68040387,,1.0,0.0,1.0,1.0
SP-OT058,SP-OT058.pdf,21/05/2025,REC-25050087,1.0,,1.0,1.0,1.0
SP-SC019,SP-SC019.pdf,18/05/2020,REC-20050001,9.0,,9.0,2.0,4.0
SP-SC019,SP-SC019.pdf,13/03/2021,REC-21030041,4.0,,13.0,2.0,4.0
